time_ms,theta_ref,theta_ref_sat,theta,control_voltage,motor_voltage
1305.0,0.7,0.7,-0.7031,0.05,0.39
1310.0,0.7,0.7,-0.7031,-1.97,-2.34
1315.0,0.7,0.7,-0.6983,-3.37,-3.74
1320.0,0.7,0.7,-0.6954,-4.33,-4.7
1325.0,0.7,0.7,-0.6755,-5.0,-5.37
1330.0,0.7,0.7,-0.6624,-5.43,-5.8
1335.0,0.7,0.7,-0.6363,-5.7,-6.07
1340.0,0.7,0.7,-0.6138,-5.86,-6.23
1345.0,0.7,0.7,-0.5717,-5.94,-6.31
1350.0,0.7,0.7,-0.5311,-5.93,-6.3
1355.0,0.7,0.7,-0.4984,-5.87,-6.24
1360.0,0.7,0.7,-0.4498,-5.78,-6.15
1365.0,0.7,0.7,-0.4052,-5.64,-6.01
1370.0,0.7,0.7,-0.3628,-5.49,-5.86
1375.0,0.7,0.7,-0.3211,-5.32,-5.69
1380.0,0.7,0.7,-0.2634,-5.15,-5.52
1385.0,0.7,0.7,-0.2169,-4.94,-5.31
1390.0,0.7,0.7,-0.1749,-4.73,-5.1
1395.0,0.7,0.7,-0.1248,-4.53,-4.9
1400.0,0.7,0.7,-0.0849,-4.32,-4.69
1405.0,0.7,0.7,-0.0363,-4.11,-4.48
1410.0,0.7,0.7,0.0058,-3.9,-4.27
1415.0,0.7,0.7,0.0479,-3.69,-4.06
1420.0,0.7,0.7,0.09,-3.49,-3.86
1425.0,0.7,0.7,0.1328,-3.29,-3.66
1430.0,0.7,0.7,0.1647,-3.09,-3.46
1435.0,0.7,0.7,0.1995,-2.91,-3.28
1440.0,0.7,0.7,0.2757,-2.73,-3.1
1445.0,0.7,0.7,0.2728,-2.5,-2.87
1450.0,0.7,0.7,0.296,-2.34,-2.71
1455.0,0.7,0.7,0.3258,-2.2,-2.57
1460.0,0.7,0.7,0.3548,-2.06,-2.43
1465.0,0.7,0.7,0.3809,-1.92,-2.29
1470.0,0.7,0.7,0.407,-1.79,-2.16
1475.0,0.7,0.7,0.4346,-1.66,-2.03
1480.0,0.7,0.7,0.4516,-1.53,-1.9
1485.0,0.7,0.7,0.4752,-1.41,-1.78
1490.0,0.7,0.7,0.489,-1.3,-1.67
1495.0,0.7,0.7,0.509,-1.2,-1.57
1500.0,0.7,0.7,0.5206,-1.11,-1.48
1505.0,0.7,0.7,0.5442,-1.02,-1.39
1510.0,0.7,0.7,0.5601,-0.93,-1.3
1515.0,0.7,0.7,0.5728,-0.85,-1.22
1520.0,0.7,0.7,0.5862,-0.77,-1.14
1525.0,0.7,0.7,0.5949,-0.69,-1.06
1530.0,0.7,0.7,0.608,-0.63,-1.0
1535.0,0.7,0.7,0.6251,-0.57,-0.94
1540.0,0.7,0.7,0.6319,-0.5,-0.87
1545.0,0.7,0.7,0.6421,-0.44,-0.81
1550.0,0.7,0.7,0.6457,-0.39,-0.76
1555.0,0.7,0.7,0.6617,-0.35,-0.72
1560.0,0.7,0.7,0.661,-0.3,-0.67
1565.0,0.7,0.7,0.6733,-0.26,-0.63
1570.0,0.7,0.7,0.6704,-0.22,-0.59
1575.0,0.7,0.7,0.6871,-0.19,-0.56
1580.0,0.7,0.7,0.6885,-0.15,-0.52
1585.0,0.7,0.7,0.6965,-0.12,-0.49
1590.0,0.7,0.7,0.6987,-0.09,-0.46
1595.0,0.7,0.7,0.7001,-0.06,-0.43
1600.0,0.7,0.7,0.7001,-0.04,-0.41
1605.0,0.7,0.7,0.7147,-0.03,-0.4
1610.0,0.7,0.7,0.7139,-0.0,-0.37
1615.0,0.7,0.7,0.7176,0.02,0.36
1620.0,0.7,0.7,0.7176,0.04,0.38
1625.0,0.7,0.7,0.7205,0.05,0.39
1630.0,0.7,0.7,0.7219,0.07,0.41
1635.0,0.7,0.7,0.7168,0.08,0.42
1640.0,0.7,0.7,0.7208,0.08,0.42
1645.0,0.7,0.7,0.7168,0.08,0.42
1650.0,0.7,0.7,0.7132,0.08,0.42
1655.0,0.7,0.7,0.7154,0.08,0.42
1660.0,0.7,0.7,0.7139,0.07,0.41
1665.0,0.7,0.7,0.7081,0.07,0.41
1670.0,0.7,0.7,0.7045,0.06,0.4
1675.0,0.7,0.7,0.7089,0.05,0.39
1680.0,0.7,0.7,0.7005,0.05,0.39
1685.0,0.7,0.7,0.6965,0.03,0.37
1690.0,0.7,0.7,0.6943,0.02,0.36
1695.0,0.7,0.7,0.6965,0.0,0.34
1700.0,0.7,0.7,0.6914,-0.0,-0.37
1705.0,0.7,0.7,0.6929,-0.01,-0.38
1710.0,0.7,0.7,0.6907,-0.02,-0.39
1715.0,0.7,0.7,0.6907,-0.03,-0.4
1720.0,0.7,0.7,0.6878,-0.03,-0.4
1725.0,0.7,0.7,0.6885,-0.04,-0.41
1730.0,0.7,0.7,0.6914,-0.04,-0.41
1735.0,0.7,0.7,0.6914,-0.04,-0.41
1740.0,0.7,0.7,0.7023,-0.04,-0.41
1745.0,0.7,0.7,0.703,-0.03,-0.4
1750.0,0.7,0.7,0.6994,-0.01,-0.38
1755.0,0.7,0.7,0.7001,-0.01,-0.38
1760.0,0.7,0.7,0.7023,-0.01,-0.38
1765.0,0.7,0.7,0.7092,-0.0,-0.37
1770.0,0.7,0.7,0.7089,0.01,0.35
1775.0,0.7,0.7,0.7118,0.02,0.36
1780.0,0.7,0.7,0.7118,0.03,0.37
1785.0,0.7,0.7,0.7089,0.04,0.38
1790.0,0.7,0.7,0.7147,0.04,0.38
1795.0,0.7,0.7,0.7118,0.05,0.39
1800.0,0.7,0.7,0.706,0.05,0.39
1805.0,0.7,0.7,0.7089,0.04,0.38
1810.0,0.7,0.7,0.7009,0.04,0.38
1815.0,0.7,0.7,0.703,0.03,0.37
1820.0,0.7,0.7,0.6994,0.03,0.37
1825.0,0.7,0.7,0.6965,0.02,0.36
1830.0,0.7,0.7,0.6965,0.01,0.35
1835.0,0.7,0.7,0.6951,-0.0,-0.37
1840.0,0.7,0.7,0.6943,-0.01,-0.38
1845.0,0.7,0.7,0.6907,-0.01,-0.38
1850.0,0.7,0.7,0.6943,-0.02,-0.39
1855.0,0.7,0.7,0.6914,-0.02,-0.39
1860.0,0.7,0.7,0.6914,-0.03,-0.4
1865.0,0.7,0.7,0.6958,-0.03,-0.4
1870.0,0.7,0.7,0.6994,-0.03,-0.4
1875.0,0.7,0.7,0.698,-0.02,-0.39
1880.0,0.7,0.7,0.6994,-0.02,-0.39
1885.0,0.7,0.7,0.7023,-0.01,-0.38
1890.0,0.7,0.7,0.6987,-0.01,-0.38
1895.0,0.7,0.7,0.7074,-0.01,-0.38
1900.0,0.7,0.7,0.7001,0.01,0.35
1905.0,0.7,0.7,0.7074,0.0,0.34
1910.0,0.7,0.7,0.711,0.01,0.35
1915.0,0.7,0.7,0.703,0.03,0.37
1920.0,0.7,0.7,0.7089,0.02,0.36
1925.0,0.7,0.7,0.7226,0.03,0.37
1930.0,0.7,0.7,0.7067,0.05,0.39
1935.0,0.7,0.7,0.703,0.05,0.39
1940.0,0.7,0.7,0.7038,0.04,0.38
1945.0,0.7,0.7,0.6976,0.03,0.37
1950.0,0.7,0.7,0.7118,0.02,0.36
1955.0,0.7,0.7,0.6965,0.03,0.37
1960.0,0.7,0.7,0.6936,0.02,0.36
1965.0,0.7,0.7,0.6914,0.0,0.34
1970.0,0.7,0.7,0.6936,-0.01,-0.38
1975.0,0.7,0.7,0.6878,-0.02,-0.39
1980.0,0.7,0.7,0.6943,-0.03,-0.4
1985.0,0.7,0.7,0.6907,-0.03,-0.4
1990.0,0.7,0.7,0.7085,-0.03,-0.4
1995.0,0.7,0.7,0.6885,-0.01,-0.38
2000.0,-0.7,-0.7,0.6918,-0.07,-0.44
2005.0,-0.7,-0.7,0.6885,1.94,2.28
2010.0,-0.7,-0.7,0.6994,3.33,3.67
2015.0,-0.7,-0.7,0.6914,4.31,4.65
2020.0,-0.7,-0.7,0.6791,4.97,5.31
2025.0,-0.7,-0.7,0.6595,5.41,5.75
2030.0,-0.7,-0.7,0.6334,5.69,6.03
2035.0,-0.7,-0.7,0.6044,5.85,6.19
2040.0,-0.7,-0.7,0.5725,5.91,6.25
2045.0,-0.7,-0.7,0.5318,5.92,6.26
2050.0,-0.7,-0.7,0.4955,5.86,6.2
2055.0,-0.7,-0.7,0.4477,5.77,6.11
2060.0,-0.7,-0.7,0.4183,5.63,5.97
2065.0,-0.7,-0.7,0.3628,5.5,5.84
2070.0,-0.7,-0.7,0.3243,5.33,5.67
2075.0,-0.7,-0.7,0.2681,5.16,5.5
2080.0,-0.7,-0.7,0.2224,4.95,5.29
2085.0,-0.7,-0.7,0.177,4.75,5.09
2090.0,-0.7,-0.7,0.1281,4.54,4.88
2095.0,-0.7,-0.7,0.0878,4.33,4.67
2100.0,-0.7,-0.7,0.0312,4.13,4.47
2105.0,-0.7,-0.7,-0.0087,3.9,4.24
2110.0,-0.7,-0.7,-0.0435,3.69,4.03
2115.0,-0.7,-0.7,-0.086,3.5,3.84
2120.0,-0.7,-0.7,-0.1379,3.3,3.64
2125.0,-0.7,-0.7,-0.1676,3.09,3.43
2130.0,-0.7,-0.7,-0.2003,2.9,3.24
2135.0,-0.7,-0.7,-0.1963,2.72,3.06
2140.0,-0.7,-0.7,-0.2634,2.61,2.95
2145.0,-0.7,-0.7,-0.2953,2.43,2.77
2150.0,-0.7,-0.7,-0.3308,2.26,2.6
2155.0,-0.7,-0.7,-0.3599,2.09,2.43
2160.0,-0.7,-0.7,-0.3787,1.94,2.28
2165.0,-0.7,-0.7,-0.4034,1.8,2.14
2170.0,-0.7,-0.7,-0.4284,1.67,2.01
2175.0,-0.7,-0.7,-0.4357,1.55,1.89
2180.0,-0.7,-0.7,-0.4731,1.45,1.79
2185.0,-0.7,-0.7,-0.4999,1.33,1.67
2190.0,-0.7,-0.7,-0.5086,1.21,1.55
2195.0,-0.7,-0.7,-0.5296,1.11,1.45
2200.0,-0.7,-0.7,-0.5492,1.01,1.35
2205.0,-0.7,-0.7,-0.5605,0.92,1.26
2210.0,-0.7,-0.7,-0.5739,0.83,1.17
2215.0,-0.7,-0.7,-0.5913,0.76,1.1
2220.0,-0.7,-0.7,-0.5841,0.68,1.02
2225.0,-0.7,-0.7,-0.6182,0.64,0.98
2230.0,-0.7,-0.7,-0.6222,0.56,0.9
2235.0,-0.7,-0.7,-0.6247,0.5,0.84
2240.0,-0.7,-0.7,-0.6392,0.45,0.79
2245.0,-0.7,-0.7,-0.6472,0.4,0.74
2250.0,-0.7,-0.7,-0.6497,0.35,0.69
2255.0,-0.7,-0.7,-0.6639,0.32,0.66
2260.0,-0.7,-0.7,-0.6642,0.27,0.61
2265.0,-0.7,-0.7,-0.6748,0.24,0.58
2270.0,-0.7,-0.7,-0.6875,0.2,0.54
2275.0,-0.7,-0.7,-0.682,0.16,0.5
2280.0,-0.7,-0.7,-0.6933,0.14,0.48
2285.0,-0.7,-0.7,-0.6991,0.1,0.44
2290.0,-0.7,-0.7,-0.7045,0.07,0.41
2295.0,-0.7,-0.7,-0.6994,0.04,0.38
2300.0,-0.7,-0.7,-0.7103,0.03,0.37
2305.0,-0.7,-0.7,-0.7176,0.01,0.35
2310.0,-0.7,-0.7,-0.7143,-0.02,-0.39
2315.0,-0.7,-0.7,-0.7259,-0.03,-0.4
2320.0,-0.7,-0.7,-0.7157,-0.06,-0.43
2325.0,-0.7,-0.7,-0.7197,-0.06,-0.43
2330.0,-0.7,-0.7,-0.7067,-0.07,-0.44
2335.0,-0.7,-0.7,-0.7197,-0.06,-0.43
2340.0,-0.7,-0.7,-0.7197,-0.07,-0.44
2345.0,-0.7,-0.7,-0.7128,-0.08,-0.45
2350.0,-0.7,-0.7,-0.7321,-0.07,-0.44
2355.0,-0.7,-0.7,-0.7179,-0.1,-0.47
2360.0,-0.7,-0.7,-0.7089,-0.09,-0.46
2365.0,-0.7,-0.7,-0.707,-0.08,-0.45
2370.0,-0.7,-0.7,-0.702,-0.06,-0.43
2375.0,-0.7,-0.7,-0.715,-0.05,-0.42
2380.0,-0.7,-0.7,-0.698,-0.05,-0.42
2385.0,-0.7,-0.7,-0.6943,-0.03,-0.4
2390.0,-0.7,-0.7,-0.6893,-0.02,-0.39
2395.0,-0.7,-0.7,-0.6849,0.0,0.34
2400.0,-0.7,-0.7,-0.6864,0.02,0.36
2405.0,-0.7,-0.7,-0.6911,0.04,0.38
2410.0,-0.7,-0.7,-0.682,0.04,0.38
2415.0,-0.7,-0.7,-0.6864,0.05,0.39
2420.0,-0.7,-0.7,-0.678,0.06,0.4
2425.0,-0.7,-0.7,-0.6762,0.07,0.41
2430.0,-0.7,-0.7,-0.6896,0.08,0.42
2435.0,-0.7,-0.7,-0.6914,0.07,0.41
2440.0,-0.7,-0.7,-0.6991,0.06,0.4
2445.0,-0.7,-0.7,-0.6943,0.04,0.38
2450.0,-0.7,-0.7,-0.6943,0.04,0.38
2455.0,-0.7,-0.7,-0.7009,0.04,0.38
2460.0,-0.7,-0.7,-0.7067,0.02,0.36
2465.0,-0.7,-0.7,-0.7002,0.01,0.35
2470.0,-0.7,-0.7,-0.7052,0.0,0.34
2475.0,-0.7,-0.7,-0.7089,-0.0,-0.37
2480.0,-0.7,-0.7,-0.7038,-0.02,-0.39
2485.0,-0.7,-0.7,-0.7081,-0.02,-0.39
2490.0,-0.7,-0.7,-0.7103,-0.02,-0.39
2495.0,-0.7,-0.7,-0.7107,-0.03,-0.4
2500.0,-0.7,-0.7,-0.6972,-0.04,-0.41
2505.0,-0.7,-0.7,-0.7052,-0.02,-0.39
2510.0,-0.7,-0.7,-0.7038,-0.02,-0.39
2515.0,-0.7,-0.7,-0.6965,-0.02,-0.39
2520.0,-0.7,-0.7,-0.7012,-0.01,-0.38
2525.0,-0.7,-0.7,-0.6965,-0.01,-0.38
2530.0,-0.7,-0.7,-0.694,-0.0,-0.37
2535.0,-0.7,-0.7,-0.6871,0.01,0.35
2540.0,-0.7,-0.7,-0.6987,0.02,0.36
2545.0,-0.7,-0.7,-0.6958,0.02,0.36
2550.0,-0.7,-0.7,-0.6991,0.02,0.36
2555.0,-0.7,-0.7,-0.6951,0.01,0.35
2560.0,-0.7,-0.7,-0.6998,0.02,0.36
2565.0,-0.7,-0.7,-0.6893,0.01,0.35
2570.0,-0.7,-0.7,-0.6994,0.02,0.36
2575.0,-0.7,-0.7,-0.6991,0.02,0.36
2580.0,-0.7,-0.7,-0.7165,0.01,0.35
2585.0,-0.7,-0.7,-0.7038,-0.01,-0.38
2590.0,-0.7,-0.7,-0.6943,-0.02,-0.39
2595.0,-0.7,-0.7,-0.6998,-0.0,-0.37
2600.0,-0.7,-0.7,-0.7031,-0.0,-0.37
2605.0,-0.7,-0.7,-0.7132,-0.0,-0.37
2610.0,-0.7,-0.7,-0.698,-0.02,-0.39
2615.0,-0.7,-0.7,-0.7121,-0.01,-0.38
2620.0,-0.7,-0.7,-0.6936,-0.03,-0.4
2625.0,-0.7,-0.7,-0.6878,-0.01,-0.38
2630.0,-0.7,-0.7,-0.6987,0.01,0.35
2635.0,-0.7,-0.7,-0.6896,0.01,0.35
2640.0,-0.7,-0.7,-0.7023,0.02,0.36
2645.0,-0.7,-0.7,-0.7023,0.01,0.35
2650.0,-0.7,-0.7,-0.6827,0.0,0.34
2655.0,-0.7,-0.7,-0.6733,0.03,0.37
2660.0,-0.7,-0.7,-0.6983,0.06,0.4
2665.0,-0.7,-0.7,-0.7005,0.04,0.38
2670.0,-0.7,-0.7,-0.6791,0.03,0.37
2675.0,-0.7,-0.7,-0.6929,0.05,0.39
2680.0,-0.7,-0.7,-0.7038,0.04,0.38
2685.0,-0.7,-0.7,-0.7081,0.03,0.37
2690.0,-0.7,-0.7,-0.7089,0.01,0.35
2695.0,-0.7,-0.7,-0.7118,-0.01,-0.38
2700.0,-0.7,-0.7,-0.7023,-0.02,-0.39
2705.0,-0.7,-0.7,-0.7139,-0.02,-0.39
2710.0,-0.7,-0.7,-0.7074,-0.03,-0.4
2715.0,-0.7,-0.7,-0.7118,-0.03,-0.4
2720.0,-0.7,-0.7,-0.706,-0.04,-0.41
2725.0,-0.7,-0.7,-0.6983,-0.04,-0.41
2730.0,-0.7,-0.7,-0.6983,-0.02,-0.39
2735.0,-0.7,-0.7,-0.6951,-0.01,-0.38
2740.0,-0.7,-0.7,-0.7041,-0.0,-0.37
2745.0,-0.7,-0.7,-0.6936,-0.01,-0.38
2750.0,-0.7,-0.7,-0.7041,0.0,0.34
2755.0,-0.7,-0.7,-0.6972,-0.0,-0.37
2760.0,-0.7,-0.7,-0.7136,0.0,0.34
2765.0,-0.7,-0.7,-0.7012,-0.02,-0.39
2770.0,-0.7,-0.7,-0.6936,-0.01,-0.38
2775.0,-0.7,-0.7,-0.6929,-0.0,-0.37
2780.0,-0.7,-0.7,-0.7005,0.01,0.35
2785.0,-0.7,-0.7,-0.6893,0.01,0.35
2790.0,-0.7,-0.7,-0.6991,0.02,0.36
2795.0,-0.7,-0.7,-0.6893,0.01,0.35
2800.0,-0.7,-0.7,-0.6962,0.03,0.37
2805.0,-0.7,-0.7,-0.6914,0.02,0.36
2810.0,-0.7,-0.7,-0.6893,0.03,0.37
2815.0,-0.7,-0.7,-0.6958,0.04,0.38
2820.0,-0.7,-0.7,-0.6987,0.03,0.37
2825.0,-0.7,-0.7,-0.6925,0.02,0.36
2830.0,-0.7,-0.7,-0.6998,0.03,0.37
2835.0,-0.7,-0.7,-0.7012,0.02,0.36
2840.0,-0.7,-0.7,-0.6983,0.01,0.35
2845.0,-0.7,-0.7,-0.7031,0.01,0.35
2850.0,-0.7,-0.7,-0.7038,0.0,0.34
2855.0,-0.7,-0.7,-0.7089,-0.0,-0.37
2860.0,-0.7,-0.7,-0.7103,-0.01,-0.38
2865.0,-0.7,-0.7,-0.7045,-0.03,-0.4
2870.0,-0.7,-0.7,-0.6954,-0.02,-0.39
2875.0,-0.7,-0.7,-0.711,-0.01,-0.38
2880.0,-0.7,-0.7,-0.7045,-0.02,-0.39
2885.0,-0.7,-0.7,-0.7089,-0.02,-0.39
2890.0,-0.7,-0.7,-0.6998,-0.03,-0.4
2895.0,-0.7,-0.7,-0.7089,-0.02,-0.39
2900.0,-0.7,-0.7,-0.7081,-0.03,-0.4
2905.0,-0.7,-0.7,-0.7023,-0.03,-0.4
2910.0,-0.7,-0.7,-0.6954,-0.02,-0.39
2915.0,-0.7,-0.7,-0.6972,-0.01,-0.38
2920.0,-0.7,-0.7,-0.674,-0.0,-0.37
2925.0,-0.7,-0.7,-0.6936,0.04,0.38
2930.0,-0.7,-0.7,-0.6893,0.03,0.37
2935.0,-0.7,-0.7,-0.6907,0.04,0.38
2940.0,-0.7,-0.7,-0.7041,0.04,0.38
2945.0,-0.7,-0.7,-0.6867,0.02,0.36
2950.0,-0.7,-0.7,-0.6784,0.03,0.37
2955.0,-0.7,-0.7,-0.7041,0.05,0.39
2960.0,-0.7,-0.7,-0.6856,0.03,0.37
2965.0,-0.7,-0.7,-0.6947,0.04,0.38
2970.0,-0.7,-0.7,-0.6987,0.04,0.38
2975.0,-0.7,-0.7,-0.7002,0.03,0.37
2980.0,-0.7,-0.7,-0.6965,0.02,0.36
2985.0,-0.7,-0.7,-0.7012,0.02,0.36
2990.0,-0.7,-0.7,-0.7041,0.01,0.35
2995.0,-0.7,-0.7,-0.6929,0.0,0.34
3000.0,0.7,0.7,-0.7031,0.06,0.4
3005.0,0.7,0.7,-0.7045,-1.97,-2.34
3010.0,0.7,0.7,-0.7118,-3.37,-3.74
3015.0,0.7,0.7,-0.6965,-4.35,-4.72
3020.0,0.7,0.7,-0.6867,-5.01,-5.38
3025.0,0.7,0.7,-0.6639,-5.45,-5.82
3030.0,0.7,0.7,-0.6378,-5.72,-6.09
3035.0,0.7,0.7,-0.6211,-5.88,-6.25
3040.0,0.7,0.7,-0.5899,-5.96,-6.33
3045.0,0.7,0.7,-0.5572,-5.97,-6.34
3050.0,0.7,0.7,-0.5188,-5.93,-6.3
3055.0,0.7,0.7,-0.4651,-5.85,-6.22
3060.0,0.7,0.7,-0.4186,-5.72,-6.09
3065.0,0.7,0.7,-0.3744,-5.56,-5.93
3070.0,0.7,0.7,-0.3272,-5.39,-5.76
3075.0,0.7,0.7,-0.2822,-5.2,-5.57
3080.0,0.7,0.7,-0.2282,-5.01,-5.38
3085.0,0.7,0.7,-0.1854,-4.79,-5.16
3090.0,0.7,0.7,-0.1364,-4.59,-4.96
3095.0,0.7,0.7,-0.1041,-4.37,-4.74
3100.0,0.7,0.7,-0.0497,-4.18,-4.55
3105.0,0.7,0.7,0.0058,-3.97,-4.34
3110.0,0.7,0.7,0.0443,-3.74,-4.11
3115.0,0.7,0.7,0.0849,-3.53,-3.9
3120.0,0.7,0.7,0.1204,-3.32,-3.69
3125.0,0.7,0.7,0.148,-3.13,-3.5
3130.0,0.7,0.7,0.1955,-2.96,-3.33
3135.0,0.7,0.7,0.2503,-2.77,-3.14
3140.0,0.7,0.7,0.2779,-2.56,-2.93
3145.0,0.7,0.7,0.2989,-2.38,-2.75
3150.0,0.7,0.7,0.3334,-2.22,-2.59
3155.0,0.7,0.7,0.3432,-2.06,-2.43
3160.0,0.7,0.7,0.3831,-1.94,-2.31
3165.0,0.7,0.7,0.4063,-1.8,-2.17
3170.0,0.7,0.7,0.4295,-1.66,-2.03
3175.0,0.7,0.7,0.4386,-1.54,-1.91
3180.0,0.7,0.7,0.4723,-1.44,-1.81
3185.0,0.7,0.7,0.493,-1.32,-1.69
3190.0,0.7,0.7,0.5108,-1.21,-1.58
3195.0,0.7,0.7,0.5224,-1.11,-1.48
3200.0,0.7,0.7,0.5427,-1.02,-1.39
3205.0,0.7,0.7,0.5717,-0.93,-1.3
3210.0,0.7,0.7,0.563,-0.83,-1.2
3215.0,0.7,0.7,0.5895,-0.77,-1.14
3220.0,0.7,0.7,0.6015,-0.69,-1.06
3225.0,0.7,0.7,0.6116,-0.62,-0.99
3230.0,0.7,0.7,0.6269,-0.56,-0.93
3235.0,0.7,0.7,0.6327,-0.49,-0.86
3240.0,0.7,0.7,0.6392,-0.44,-0.81
3245.0,0.7,0.7,0.6414,-0.39,-0.76
3250.0,0.7,0.7,0.6573,-0.35,-0.72
3255.0,0.7,0.7,0.6682,-0.31,-0.68
3260.0,0.7,0.7,0.6726,-0.26,-0.63
3265.0,0.7,0.7,0.6791,-0.22,-0.59
3270.0,0.7,0.7,0.6907,-0.18,-0.55
3275.0,0.7,0.7,0.6907,-0.14,-0.51
3280.0,0.7,0.7,0.6972,-0.11,-0.48
3285.0,0.7,0.7,0.6998,-0.08,-0.45
3290.0,0.7,0.7,0.6994,-0.06,-0.43
3295.0,0.7,0.7,0.7092,-0.04,-0.41
3300.0,0.7,0.7,0.711,-0.01,-0.38
3305.0,0.7,0.7,0.711,0.01,0.35
3310.0,0.7,0.7,0.7197,0.02,0.36
3315.0,0.7,0.7,0.7168,0.04,0.38
3320.0,0.7,0.7,0.7128,0.05,0.39
3325.0,0.7,0.7,0.7241,0.05,0.39
3330.0,0.7,0.7,0.719,0.07,0.41
3335.0,0.7,0.7,0.6918,0.08,0.42
3340.0,0.7,0.7,0.7052,0.04,0.38
3345.0,0.7,0.7,0.7056,0.04,0.38
3350.0,0.7,0.7,0.7103,0.03,0.37
3355.0,0.7,0.7,0.6965,0.04,0.38
3360.0,0.7,0.7,0.703,0.02,0.36
3365.0,0.7,0.7,0.7045,0.02,0.36
3370.0,0.7,0.7,0.6878,0.02,0.36
3375.0,0.7,0.7,0.7038,-0.0,-0.37
3380.0,0.7,0.7,0.6958,0.0,0.34
3385.0,0.7,0.7,0.6827,-0.0,-0.37
3390.0,0.7,0.7,0.6943,-0.03,-0.4
3395.0,0.7,0.7,0.6943,-0.03,-0.4
3400.0,0.7,0.7,0.6907,-0.03,-0.4
3405.0,0.7,0.7,0.6896,-0.03,-0.4
3410.0,0.7,0.7,0.6972,-0.04,-0.41
3415.0,0.7,0.7,0.7172,-0.03,-0.4
3420.0,0.7,0.7,0.7052,0.0,0.34
3425.0,0.7,0.7,0.6933,0.01,0.35
3430.0,0.7,0.7,0.7049,-0.0,-0.37
3435.0,0.7,0.7,0.703,0.01,0.35
3440.0,0.7,0.7,0.7107,0.01,0.35
3445.0,0.7,0.7,0.6914,0.02,0.36
3450.0,0.7,0.7,0.7023,0.0,0.34
3455.0,0.7,0.7,0.7009,0.0,0.34
3460.0,0.7,0.7,0.7052,0.0,0.34
3465.0,0.7,0.7,0.703,0.01,0.35
3470.0,0.7,0.7,0.6951,0.01,0.35
3475.0,0.7,0.7,0.6976,0.0,0.34
3480.0,0.7,0.7,0.6914,-0.0,-0.37
3485.0,0.7,0.7,0.6914,-0.01,-0.38
3490.0,0.7,0.7,0.6936,-0.02,-0.39
3495.0,0.7,0.7,0.6914,-0.02,-0.39
3500.0,0.7,0.7,0.6885,-0.03,-0.4
3505.0,0.7,0.7,0.6907,-0.04,-0.41
3510.0,0.7,0.7,0.6947,-0.04,-0.41
3515.0,0.7,0.7,0.6987,-0.03,-0.4
3520.0,0.7,0.7,0.7056,-0.03,-0.4
3525.0,0.7,0.7,0.6994,-0.01,-0.38
3530.0,0.7,0.7,0.6972,-0.01,-0.38
3535.0,0.7,0.7,0.6976,-0.01,-0.38
3540.0,0.7,0.7,0.7081,-0.01,-0.38
3545.0,0.7,0.7,0.7081,0.0,0.34
3550.0,0.7,0.7,0.711,0.01,0.35
3555.0,0.7,0.7,0.7089,0.03,0.37
3560.0,0.7,0.7,0.7118,0.03,0.37
3565.0,0.7,0.7,0.711,0.04,0.38
3570.0,0.7,0.7,0.7103,0.04,0.38
3575.0,0.7,0.7,0.7132,0.04,0.38
3580.0,0.7,0.7,0.706,0.05,0.39
3585.0,0.7,0.7,0.706,0.04,0.38
3590.0,0.7,0.7,0.7118,0.04,0.38
3595.0,0.7,0.7,0.7063,0.04,0.38
3600.0,0.7,0.7,0.6994,0.04,0.38
3605.0,0.7,0.7,0.6987,0.03,0.37
3610.0,0.7,0.7,0.6936,0.02,0.36
3615.0,0.7,0.7,0.6914,0.0,0.34
3620.0,0.7,0.7,0.6907,-0.01,-0.38
3625.0,0.7,0.7,0.6871,-0.02,-0.39
3630.0,0.7,0.7,0.6882,-0.03,-0.4
3635.0,0.7,0.7,0.6856,-0.04,-0.41
3640.0,0.7,0.7,0.6856,-0.05,-0.42
3645.0,0.7,0.7,0.6918,-0.05,-0.42
3650.0,0.7,0.7,0.6907,-0.05,-0.42
3655.0,0.7,0.7,0.6835,-0.05,-0.42
3660.0,0.7,0.7,0.6914,-0.06,-0.43
3665.0,0.7,0.7,0.6856,-0.05,-0.42
3670.0,0.7,0.7,0.6936,-0.06,-0.43
3675.0,0.7,0.7,0.6987,-0.05,-0.42
3680.0,0.7,0.7,0.6998,-0.04,-0.41
3685.0,0.7,0.7,0.7089,-0.03,-0.4
3690.0,0.7,0.7,0.7023,-0.0,-0.37
3695.0,0.7,0.7,0.7089,0.0,0.34
3700.0,0.7,0.7,0.719,0.01,0.35
3705.0,0.7,0.7,0.7023,0.04,0.38
3710.0,0.7,0.7,0.7107,0.03,0.37
3715.0,0.7,0.7,0.7147,0.03,0.37
3720.0,0.7,0.7,0.7056,0.05,0.39
3725.0,0.7,0.7,0.7092,0.04,0.38
3730.0,0.7,0.7,0.7089,0.04,0.38
3735.0,0.7,0.7,0.6987,0.04,0.38
3740.0,0.7,0.7,0.6965,0.03,0.37
3745.0,0.7,0.7,0.7023,0.01,0.35
3750.0,0.7,0.7,0.703,0.01,0.35
3755.0,0.7,0.7,0.7049,0.01,0.35
3760.0,0.7,0.7,0.6958,0.02,0.36
3765.0,0.7,0.7,0.6987,0.01,0.35
3770.0,0.7,0.7,0.6951,0.0,0.34
3775.0,0.7,0.7,0.6864,-0.01,-0.38
3780.0,0.7,0.7,0.6885,-0.02,-0.39
3785.0,0.7,0.7,0.6798,-0.03,-0.4
3790.0,0.7,0.7,0.6878,-0.05,-0.42
3795.0,0.7,0.7,0.69,-0.05,-0.42
3800.0,0.7,0.7,0.6885,-0.05,-0.42
3805.0,0.7,0.7,0.6914,-0.05,-0.42
3810.0,0.7,0.7,0.6929,-0.05,-0.42
3815.0,0.7,0.7,0.6827,-0.04,-0.41
3820.0,0.7,0.7,0.6943,-0.05,-0.42
3825.0,0.7,0.7,0.7023,-0.05,-0.42
3830.0,0.7,0.7,0.7001,-0.03,-0.4
3835.0,0.7,0.7,0.703,-0.02,-0.39
3840.0,0.7,0.7,0.703,-0.01,-0.38
3845.0,0.7,0.7,0.703,-0.0,-0.37
3850.0,0.7,0.7,0.7089,0.0,0.34
3855.0,0.7,0.7,0.6994,0.01,0.35
3860.0,0.7,0.7,0.7078,0.01,0.35
3865.0,0.7,0.7,0.7161,0.02,0.36
3870.0,0.7,0.7,0.7107,0.04,0.38
3875.0,0.7,0.7,0.6994,0.04,0.38
3880.0,0.7,0.7,0.7056,0.03,0.37
3885.0,0.7,0.7,0.7168,0.03,0.37
3890.0,0.7,0.7,0.7081,0.04,0.38
3895.0,0.7,0.7,0.7081,0.04,0.38
3900.0,0.7,0.7,0.711,0.04,0.38
3905.0,0.7,0.7,0.6914,0.04,0.38
3910.0,0.7,0.7,0.6936,0.02,0.36
3915.0,0.7,0.7,0.7081,0.0,0.34
3920.0,0.7,0.7,0.6987,0.01,0.35
3925.0,0.7,0.7,0.6885,0.01,0.35
3930.0,0.7,0.7,0.6871,-0.01,-0.38
3935.0,0.7,0.7,0.6893,-0.03,-0.4
3940.0,0.7,0.7,0.6904,-0.03,-0.4
3945.0,0.7,0.7,0.6943,-0.04,-0.41
3950.0,0.7,0.7,0.6755,-0.03,-0.4
3955.0,0.7,0.7,0.6958,-0.06,-0.43
3960.0,0.7,0.7,0.6885,-0.05,-0.42
3965.0,0.7,0.7,0.6943,-0.05,-0.42
3970.0,0.7,0.7,0.6943,-0.04,-0.41
3975.0,0.7,0.7,0.6987,-0.04,-0.41
3980.0,0.7,0.7,0.7063,-0.03,-0.4
3985.0,0.7,0.7,0.7052,-0.01,-0.38
3990.0,0.7,0.7,0.7092,0.0,0.34
3995.0,0.7,0.7,0.7132,0.01,0.35
4000.0,-0.7,-0.7,0.7121,-0.02,-0.39
4005.0,-0.7,-0.7,0.7118,2.01,2.35
4010.0,-0.7,-0.7,0.6965,3.41,3.75
4015.0,-0.7,-0.7,0.6987,4.36,4.7
4020.0,-0.7,-0.7,0.6824,5.02,5.36
4025.0,-0.7,-0.7,0.6697,5.45,5.79
4030.0,-0.7,-0.7,0.6367,5.73,6.07
4035.0,-0.7,-0.7,0.6098,5.88,6.22
4040.0,-0.7,-0.7,0.5754,5.94,6.28
4045.0,-0.7,-0.7,0.5398,5.94,6.28
4050.0,-0.7,-0.7,0.5021,5.89,6.23
4055.0,-0.7,-0.7,0.452,5.8,6.14
4060.0,-0.7,-0.7,0.4125,5.66,6.0
4065.0,-0.7,-0.7,0.361,5.51,5.85
4070.0,-0.7,-0.7,0.3279,5.33,5.67
4075.0,-0.7,-0.7,0.2822,5.16,5.5
4080.0,-0.7,-0.7,0.238,4.98,5.32
4085.0,-0.7,-0.7,0.1897,4.79,5.13
4090.0,-0.7,-0.7,0.1335,4.59,4.93
4095.0,-0.7,-0.7,0.0878,4.37,4.71
4100.0,-0.7,-0.7,0.0457,4.15,4.49
4105.0,-0.7,-0.7,-0.0044,3.94,4.28
4110.0,-0.7,-0.7,-0.0385,3.73,4.07
4115.0,-0.7,-0.7,-0.0831,3.53,3.87
4120.0,-0.7,-0.7,-0.1067,3.32,3.66
4125.0,-0.7,-0.7,-0.1571,3.15,3.49
4130.0,-0.7,-0.7,-0.1966,2.96,3.3
4135.0,-0.7,-0.7,-0.2021,2.77,3.11
4140.0,-0.7,-0.7,-0.2554,2.63,2.97
4145.0,-0.7,-0.7,-0.2884,2.46,2.8
4150.0,-0.7,-0.7,-0.3127,2.29,2.63
4155.0,-0.7,-0.7,-0.3425,2.14,2.48
4160.0,-0.7,-0.7,-0.3918,1.99,2.33
4165.0,-0.7,-0.7,-0.4049,1.82,2.16
4170.0,-0.7,-0.7,-0.4328,1.68,2.02
4175.0,-0.7,-0.7,-0.4487,1.55,1.89
4180.0,-0.7,-0.7,-0.4767,1.43,1.77
4185.0,-0.7,-0.7,-0.4934,1.31,1.65
4190.0,-0.7,-0.7,-0.5108,1.2,1.54
4195.0,-0.7,-0.7,-0.53,1.1,1.44
4200.0,-0.7,-0.7,-0.5322,1.01,1.35
4205.0,-0.7,-0.7,-0.5481,0.94,1.28
4210.0,-0.7,-0.7,-0.5732,0.87,1.21
4215.0,-0.7,-0.7,-0.5793,0.78,1.12
4220.0,-0.7,-0.7,-0.5971,0.71,1.05
4225.0,-0.7,-0.7,-0.6084,0.64,0.98
4230.0,-0.7,-0.7,-0.6203,0.58,0.92
4235.0,-0.7,-0.7,-0.641,0.51,0.85
4240.0,-0.7,-0.7,-0.6334,0.44,0.78
4245.0,-0.7,-0.7,-0.6457,0.4,0.74
4250.0,-0.7,-0.7,-0.6523,0.35,0.69
4255.0,-0.7,-0.7,-0.6602,0.31,0.65
4260.0,-0.7,-0.7,-0.6668,0.27,0.61
4265.0,-0.7,-0.7,-0.6806,0.24,0.58
4270.0,-0.7,-0.7,-0.6762,0.19,0.53
4275.0,-0.7,-0.7,-0.6907,0.17,0.51
4280.0,-0.7,-0.7,-0.6929,0.13,0.47
4285.0,-0.7,-0.7,-0.6965,0.1,0.44
4290.0,-0.7,-0.7,-0.7031,0.07,0.41
4295.0,-0.7,-0.7,-0.7168,0.05,0.39
4300.0,-0.7,-0.7,-0.7168,0.01,0.35
4305.0,-0.7,-0.7,-0.7281,-0.02,-0.39
4310.0,-0.7,-0.7,-0.7125,-0.05,-0.42
4315.0,-0.7,-0.7,-0.7121,-0.05,-0.42
4320.0,-0.7,-0.7,-0.7187,-0.05,-0.42
4325.0,-0.7,-0.7,-0.7205,-0.06,-0.43
4330.0,-0.7,-0.7,-0.7154,-0.07,-0.44
4335.0,-0.7,-0.7,-0.7255,-0.07,-0.44
4340.0,-0.7,-0.7,-0.7118,-0.09,-0.46
4345.0,-0.7,-0.7,-0.7002,-0.08,-0.45
4350.0,-0.7,-0.7,-0.7132,-0.05,-0.42
4355.0,-0.7,-0.7,-0.711,-0.06,-0.43
4360.0,-0.7,-0.7,-0.6965,-0.06,-0.43
4365.0,-0.7,-0.7,-0.7089,-0.03,-0.4
4370.0,-0.7,-0.7,-0.6965,-0.04,-0.41
4375.0,-0.7,-0.7,-0.7012,-0.02,-0.39
4380.0,-0.7,-0.7,-0.6922,-0.02,-0.39
4385.0,-0.7,-0.7,-0.6893,0.0,0.34
4390.0,-0.7,-0.7,-0.6987,0.02,0.36
4395.0,-0.7,-0.7,-0.6838,0.01,0.35
4400.0,-0.7,-0.7,-0.6951,0.03,0.37
4405.0,-0.7,-0.7,-0.6842,0.03,0.37
4410.0,-0.7,-0.7,-0.6809,0.04,0.38
4415.0,-0.7,-0.7,-0.6864,0.06,0.4
4420.0,-0.7,-0.7,-0.6809,0.06,0.4
4425.0,-0.7,-0.7,-0.6893,0.07,0.41
4430.0,-0.7,-0.7,-0.69,0.06,0.4
4435.0,-0.7,-0.7,-0.6871,0.06,0.4
4440.0,-0.7,-0.7,-0.6994,0.06,0.4
4445.0,-0.7,-0.7,-0.6983,0.04,0.38
4450.0,-0.7,-0.7,-0.7002,0.03,0.37
4455.0,-0.7,-0.7,-0.7056,0.02,0.36
4460.0,-0.7,-0.7,-0.711,0.01,0.35
4465.0,-0.7,-0.7,-0.7081,-0.01,-0.38
4470.0,-0.7,-0.7,-0.6889,-0.02,-0.39
4475.0,-0.7,-0.7,-0.7056,0.0,0.34
4480.0,-0.7,-0.7,-0.7197,-0.01,-0.38
4485.0,-0.7,-0.7,-0.7041,-0.03,-0.4
4490.0,-0.7,-0.7,-0.711,-0.03,-0.4
4495.0,-0.7,-0.7,-0.7096,-0.04,-0.41
4500.0,-0.7,-0.7,-0.7118,-0.04,-0.41
4505.0,-0.7,-0.7,-0.7089,-0.04,-0.41
4510.0,-0.7,-0.7,-0.7118,-0.04,-0.41
4515.0,-0.7,-0.7,-0.7125,-0.05,-0.42
4520.0,-0.7,-0.7,-0.6987,-0.05,-0.42
4525.0,-0.7,-0.7,-0.7012,-0.03,-0.4
4530.0,-0.7,-0.7,-0.6929,-0.02,-0.39
4535.0,-0.7,-0.7,-0.6871,-0.01,-0.38
4540.0,-0.7,-0.7,-0.6914,0.01,0.35
4545.0,-0.7,-0.7,-0.6972,0.02,0.36
4550.0,-0.7,-0.7,-0.6987,0.02,0.36
4555.0,-0.7,-0.7,-0.6914,0.01,0.35
4560.0,-0.7,-0.7,-0.6893,0.02,0.36
4565.0,-0.7,-0.7,-0.6929,0.03,0.37
4570.0,-0.7,-0.7,-0.6911,0.03,0.37
4575.0,-0.7,-0.7,-0.674,0.03,0.37
4580.0,-0.7,-0.7,-0.6965,0.06,0.4
4585.0,-0.7,-0.7,-0.7139,0.05,0.39
4590.0,-0.7,-0.7,-0.6994,0.01,0.35
4595.0,-0.7,-0.7,-0.7023,0.01,0.35
4600.0,-0.7,-0.7,-0.6936,0.0,0.34
4605.0,-0.7,-0.7,-0.7023,0.01,0.35
4610.0,-0.7,-0.7,-0.7103,0.0,0.34
4615.0,-0.7,-0.7,-0.7118,-0.01,-0.38
4620.0,-0.7,-0.7,-0.7132,-0.02,-0.39
4625.0,-0.7,-0.7,-0.7168,-0.04,-0.41
4630.0,-0.7,-0.7,-0.7023,-0.05,-0.42
4635.0,-0.7,-0.7,-0.7118,-0.04,-0.41
4640.0,-0.7,-0.7,-0.711,-0.04,-0.41
4645.0,-0.7,-0.7,-0.711,-0.05,-0.42
4650.0,-0.7,-0.7,-0.7016,-0.05,-0.42
4655.0,-0.7,-0.7,-0.7049,-0.03,-0.4
4660.0,-0.7,-0.7,-0.6983,-0.03,-0.4
4665.0,-0.7,-0.7,-0.6943,-0.02,-0.39
4670.0,-0.7,-0.7,-0.6987,-0.01,-0.38
4675.0,-0.7,-0.7,-0.6972,-0.0,-0.37
4680.0,-0.7,-0.7,-0.6878,0.0,0.34
4685.0,-0.7,-0.7,-0.7045,0.02,0.36
4690.0,-0.7,-0.7,-0.6893,0.01,0.35
4695.0,-0.7,-0.7,-0.6889,0.02,0.36
4700.0,-0.7,-0.7,-0.7031,0.03,0.37
4705.0,-0.7,-0.7,-0.6972,0.02,0.36
4710.0,-0.7,-0.7,-0.6885,0.01,0.35
4715.0,-0.7,-0.7,-0.6827,0.03,0.37
4720.0,-0.7,-0.7,-0.6835,0.04,0.38
4725.0,-0.7,-0.7,-0.6958,0.05,0.39
4730.0,-0.7,-0.7,-0.6936,0.04,0.38
4735.0,-0.7,-0.7,-0.7002,0.04,0.38
4740.0,-0.7,-0.7,-0.6994,0.03,0.37
4745.0,-0.7,-0.7,-0.7052,0.02,0.36
4750.0,-0.7,-0.7,-0.7052,0.01,0.35
4755.0,-0.7,-0.7,-0.7118,-0.0,-0.37
4760.0,-0.7,-0.7,-0.7067,-0.02,-0.39
4765.0,-0.7,-0.7,-0.7096,-0.02,-0.39
4770.0,-0.7,-0.7,-0.7121,-0.03,-0.4
4775.0,-0.7,-0.7,-0.7081,-0.04,-0.41
4780.0,-0.7,-0.7,-0.7099,-0.04,-0.41
4785.0,-0.7,-0.7,-0.7212,-0.04,-0.41
4790.0,-0.7,-0.7,-0.7052,-0.06,-0.43
4795.0,-0.7,-0.7,-0.706,-0.05,-0.42
4800.0,-0.7,-0.7,-0.7016,-0.04,-0.41
4805.0,-0.7,-0.7,-0.6972,-0.03,-0.4
4810.0,-0.7,-0.7,-0.6929,-0.02,-0.39
4815.0,-0.7,-0.7,-0.6983,-0.0,-0.37
4820.0,-0.7,-0.7,-0.69,0.0,0.34
4825.0,-0.7,-0.7,-0.6827,0.01,0.35
4830.0,-0.7,-0.7,-0.6907,0.03,0.37
4835.0,-0.7,-0.7,-0.6816,0.04,0.38
4840.0,-0.7,-0.7,-0.6911,0.05,0.39
4845.0,-0.7,-0.7,-0.6846,0.05,0.39
4850.0,-0.7,-0.7,-0.69,0.06,0.4
4855.0,-0.7,-0.7,-0.6929,0.05,0.39
4860.0,-0.7,-0.7,-0.6838,0.05,0.39
4865.0,-0.7,-0.7,-0.6965,0.06,0.4
4870.0,-0.7,-0.7,-0.7009,0.04,0.38
4875.0,-0.7,-0.7,-0.706,0.03,0.37
4880.0,-0.7,-0.7,-0.7067,0.01,0.35
4885.0,-0.7,-0.7,-0.7114,-0.0,-0.37
4890.0,-0.7,-0.7,-0.707,-0.02,-0.39
4895.0,-0.7,-0.7,-0.7067,-0.02,-0.39
4900.0,-0.7,-0.7,-0.7049,-0.02,-0.39
4905.0,-0.7,-0.7,-0.7125,-0.02,-0.39
4910.0,-0.7,-0.7,-0.7089,-0.03,-0.4
4915.0,-0.7,-0.7,-0.7157,-0.04,-0.41
4920.0,-0.7,-0.7,-0.7183,-0.05,-0.42
4925.0,-0.7,-0.7,-0.7005,-0.06,-0.43
4930.0,-0.7,-0.7,-0.6983,-0.04,-0.41
4935.0,-0.7,-0.7,-0.6965,-0.03,-0.4
4940.0,-0.7,-0.7,-0.6929,-0.01,-0.38
4945.0,-0.7,-0.7,-0.6849,0.0,0.34
4950.0,-0.7,-0.7,-0.6951,0.02,0.36
4955.0,-0.7,-0.7,-0.6907,0.02,0.36
4960.0,-0.7,-0.7,-0.6871,0.03,0.37
4965.0,-0.7,-0.7,-0.6864,0.04,0.38
4970.0,-0.7,-0.7,-0.69,0.05,0.39
4975.0,-0.7,-0.7,-0.6885,0.05,0.39
4980.0,-0.7,-0.7,-0.7049,0.05,0.39
4985.0,-0.7,-0.7,-0.6704,0.03,0.37
4990.0,-0.7,-0.7,-0.6849,0.06,0.4
4995.0,-0.7,-0.7,-0.707,0.06,0.4
5000.0,0.7,0.7,-0.7045,0.08,0.42
5005.0,0.7,0.7,-0.7052,-1.95,-2.32
5010.0,0.7,0.7,-0.7041,-3.36,-3.73
5015.0,0.7,0.7,-0.6925,-4.33,-4.7
5020.0,0.7,0.7,-0.6784,-4.99,-5.36
5025.0,0.7,0.7,-0.6668,-5.43,-5.8
5030.0,0.7,0.7,-0.6454,-5.71,-6.08
5035.0,0.7,0.7,-0.6055,-5.88,-6.25
5040.0,0.7,0.7,-0.5815,-5.94,-6.31
5045.0,0.7,0.7,-0.5398,-5.94,-6.31
5050.0,0.7,0.7,-0.4919,-5.89,-6.26
5055.0,0.7,0.7,-0.4535,-5.78,-6.15
5060.0,0.7,0.7,-0.4157,-5.65,-6.02
5065.0,0.7,0.7,-0.3726,-5.51,-5.88
5070.0,0.7,0.7,-0.3123,-5.35,-5.72
5075.0,0.7,0.7,-0.275,-5.15,-5.52
5080.0,0.7,0.7,-0.2202,-4.96,-5.33
5085.0,0.7,0.7,-0.1672,-4.75,-5.12
5090.0,0.7,0.7,-0.131,-4.53,-4.9
5095.0,0.7,0.7,-0.0853,-4.33,-4.7
5100.0,0.7,0.7,-0.053,-4.12,-4.49
5105.0,0.7,0.7,0.0014,-3.93,-4.3
5110.0,0.7,0.7,0.0326,-3.72,-4.09
5115.0,0.7,0.7,0.0943,-3.53,-3.9
5120.0,0.7,0.7,0.1299,-3.31,-3.68
5125.0,0.7,0.7,0.1632,-3.11,-3.48
5130.0,0.7,0.7,0.1977,-2.92,-3.29
5135.0,0.7,0.7,0.2565,-2.74,-3.11
5140.0,0.7,0.7,0.2728,-2.53,-2.9
5145.0,0.7,0.7,0.2996,-2.37,-2.74
5150.0,0.7,0.7,0.3294,-2.21,-2.58
5155.0,0.7,0.7,0.3577,-2.06,-2.43
5160.0,0.7,0.7,0.3758,-1.92,-2.29
5165.0,0.7,0.7,0.4016,-1.79,-2.16
5170.0,0.7,0.7,0.4324,-1.67,-2.04
5175.0,0.7,0.7,0.4535,-1.54,-1.91
5180.0,0.7,0.7,0.4709,-1.42,-1.79
5185.0,0.7,0.7,0.4872,-1.31,-1.68
5190.0,0.7,0.7,0.5137,-1.21,-1.58
5195.0,0.7,0.7,0.5304,-1.11,-1.48
5200.0,0.7,0.7,0.555,-1.01,-1.38
5205.0,0.7,0.7,0.5514,-0.91,-1.28
5210.0,0.7,0.7,0.5783,-0.84,-1.21
5215.0,0.7,0.7,0.5899,-0.76,-1.13
5220.0,0.7,0.7,0.6015,-0.68,-1.05
5225.0,0.7,0.7,0.6222,-0.61,-0.98
5230.0,0.7,0.7,0.6232,-0.54,-0.91
5235.0,0.7,0.7,0.6298,-0.48,-0.85
5240.0,0.7,0.7,0.6432,-0.43,-0.8
5245.0,0.7,0.7,0.6508,-0.38,-0.75
5250.0,0.7,0.7,0.6559,-0.33,-0.7
5255.0,0.7,0.7,0.6697,-0.3,-0.67
5260.0,0.7,0.7,0.6664,-0.25,-0.62
5265.0,0.7,0.7,0.6668,-0.22,-0.59
5270.0,0.7,0.7,0.6806,-0.2,-0.57
5275.0,0.7,0.7,0.6878,-0.17,-0.54
5280.0,0.7,0.7,0.7147,-0.13,-0.5
5285.0,0.7,0.7,0.698,-0.07,-0.44
5290.0,0.7,0.7,0.6972,-0.05,-0.42
5295.0,0.7,0.7,0.7034,-0.04,-0.41
5300.0,0.7,0.7,0.7197,-0.02,-0.39
5305.0,0.7,0.7,0.7023,0.01,0.35
5310.0,0.7,0.7,0.719,0.01,0.35
5315.0,0.7,0.7,0.7176,0.04,0.38
5320.0,0.7,0.7,0.7139,0.05,0.39
5325.0,0.7,0.7,0.7081,0.05,0.39
5330.0,0.7,0.7,0.7125,0.05,0.39
5335.0,0.7,0.7,0.7103,0.05,0.39
5340.0,0.7,0.7,0.7197,0.05,0.39
5345.0,0.7,0.7,0.7147,0.06,0.4
5350.0,0.7,0.7,0.711,0.06,0.4
5355.0,0.7,0.7,0.7023,0.06,0.4
5360.0,0.7,0.7,0.7089,0.05,0.39
5365.0,0.7,0.7,0.6965,0.04,0.38
5370.0,0.7,0.7,0.6972,0.03,0.37
5375.0,0.7,0.7,0.6972,0.01,0.35
5380.0,0.7,0.7,0.6936,0.01,0.35
5385.0,0.7,0.7,0.6943,-0.01,-0.38
5390.0,0.7,0.7,0.6994,-0.01,-0.38
5395.0,0.7,0.7,0.6965,-0.01,-0.38
5400.0,0.7,0.7,0.6907,-0.01,-0.38
5405.0,0.7,0.7,0.6936,-0.02,-0.39
5410.0,0.7,0.7,0.69,-0.02,-0.39
5415.0,0.7,0.7,0.6936,-0.03,-0.4
5420.0,0.7,0.7,0.703,-0.03,-0.4
5425.0,0.7,0.7,0.7081,-0.02,-0.39
5430.0,0.7,0.7,0.7023,-0.0,-0.37
5435.0,0.7,0.7,0.7001,0.0,0.34
5440.0,0.7,0.7,0.7132,0.0,0.34
5445.0,0.7,0.7,0.711,0.02,0.36
5450.0,0.7,0.7,0.7023,0.03,0.37
5455.0,0.7,0.7,0.6914,0.02,0.36
5460.0,0.7,0.7,0.7009,0.0,0.34
5465.0,0.7,0.7,0.7081,0.0,0.34
5470.0,0.7,0.7,0.7074,0.01,0.35
5475.0,0.7,0.7,0.6962,0.02,0.36
5480.0,0.7,0.7,0.6994,0.01,0.35
5485.0,0.7,0.7,0.6914,0.01,0.35
5490.0,0.7,0.7,0.6914,-0.01,-0.38
5495.0,0.7,0.7,0.6947,-0.02,-0.39
5500.0,0.7,0.7,0.6867,-0.02,-0.39
5505.0,0.7,0.7,0.6972,-0.03,-0.4
5510.0,0.7,0.7,0.7045,-0.03,-0.4
5515.0,0.7,0.7,0.682,-0.01,-0.38
5520.0,0.7,0.7,0.6864,-0.03,-0.4
5525.0,0.7,0.7,0.7023,-0.04,-0.41
5530.0,0.7,0.7,0.6936,-0.03,-0.4
5535.0,0.7,0.7,0.7023,-0.03,-0.4
5540.0,0.7,0.7,0.7052,-0.02,-0.39
5545.0,0.7,0.7,0.7052,-0.0,-0.37
5550.0,0.7,0.7,0.706,0.0,0.34
5555.0,0.7,0.7,0.7052,0.01,0.35
5560.0,0.7,0.7,0.7001,0.02,0.36
5565.0,0.7,0.7,0.7136,0.01,0.35
5570.0,0.7,0.7,0.7045,0.03,0.37
5575.0,0.7,0.7,0.703,0.03,0.37
5580.0,0.7,0.7,0.7081,0.02,0.36
5585.0,0.7,0.7,0.7009,0.03,0.37
5590.0,0.7,0.7,0.6998,0.02,0.36
5595.0,0.7,0.7,0.6885,0.01,0.35
5600.0,0.7,0.7,0.6936,-0.01,-0.38
5605.0,0.7,0.7,0.7001,-0.01,-0.38
5610.0,0.7,0.7,0.6958,-0.01,-0.38
5615.0,0.7,0.7,0.7052,-0.01,-0.38
5620.0,0.7,0.7,0.6965,-0.0,-0.37
5625.0,0.7,0.7,0.6914,-0.01,-0.38
5630.0,0.7,0.7,0.6994,-0.02,-0.39
5635.0,0.7,0.7,0.7023,-0.01,-0.38
5640.0,0.7,0.7,0.703,-0.01,-0.38
5645.0,0.7,0.7,0.6998,0.0,0.34
5650.0,0.7,0.7,0.706,0.0,0.34
5655.0,0.7,0.7,0.706,0.01,0.35
5660.0,0.7,0.7,0.7034,0.01,0.35
5665.0,0.7,0.7,0.7081,0.01,0.35
5670.0,0.7,0.7,0.7023,0.02,0.36
5675.0,0.7,0.7,0.7023,0.02,0.36
5680.0,0.7,0.7,0.698,0.02,0.36
5685.0,0.7,0.7,0.7001,0.01,0.35
5690.0,0.7,0.7,0.7052,0.01,0.35
5695.0,0.7,0.7,0.682,0.01,0.35
5700.0,0.7,0.7,0.6958,-0.02,-0.39
5705.0,0.7,0.7,0.7052,-0.02,-0.39
5710.0,0.7,0.7,0.6936,-0.01,-0.38
5715.0,0.7,0.7,0.6893,-0.01,-0.38
5720.0,0.7,0.7,0.6918,-0.02,-0.39
5725.0,0.7,0.7,0.6914,-0.03,-0.4
5730.0,0.7,0.7,0.6965,-0.03,-0.4
5735.0,0.7,0.7,0.6958,-0.03,-0.4
5740.0,0.7,0.7,0.7052,-0.03,-0.4
5745.0,0.7,0.7,0.6972,-0.01,-0.38
5750.0,0.7,0.7,0.6994,-0.01,-0.38
5755.0,0.7,0.7,0.7045,-0.01,-0.38
5760.0,0.7,0.7,0.7092,0.0,0.34
5765.0,0.7,0.7,0.7118,0.01,0.35
5770.0,0.7,0.7,0.7118,0.03,0.37
5775.0,0.7,0.7,0.711,0.03,0.37
5780.0,0.7,0.7,0.7063,0.04,0.38
5785.0,0.7,0.7,0.7038,0.04,0.38
5790.0,0.7,0.7,0.706,0.03,0.37
5795.0,0.7,0.7,0.7132,0.03,0.37
5800.0,0.7,0.7,0.7052,0.04,0.38
5805.0,0.7,0.7,0.6958,0.04,0.38
5810.0,0.7,0.7,0.6994,0.02,0.36
5815.0,0.7,0.7,0.6972,0.01,0.35
5820.0,0.7,0.7,0.6965,0.0,0.34
5825.0,0.7,0.7,0.7128,-0.0,-0.37
5830.0,0.7,0.7,0.6991,0.02,0.36
5835.0,0.7,0.7,0.6907,0.01,0.35
5840.0,0.7,0.7,0.6769,-0.01,-0.38
5845.0,0.7,0.7,0.6922,-0.04,-0.41
5850.0,0.7,0.7,0.6918,-0.04,-0.41
5855.0,0.7,0.7,0.6856,-0.04,-0.41
5860.0,0.7,0.7,0.6878,-0.05,-0.42
5865.0,0.7,0.7,0.6762,-0.05,-0.42
5870.0,0.7,0.7,0.6914,-0.07,-0.44
5875.0,0.7,0.7,0.6962,-0.06,-0.43
5880.0,0.7,0.7,0.6958,-0.05,-0.42
5885.0,0.7,0.7,0.6965,-0.04,-0.41
5890.0,0.7,0.7,0.7009,-0.03,-0.4
5895.0,0.7,0.7,0.7034,-0.02,-0.39
5900.0,0.7,0.7,0.7063,-0.01,-0.38
5905.0,0.7,0.7,0.706,0.0,0.34
5910.0,0.7,0.7,0.7052,0.01,0.35
5915.0,0.7,0.7,0.7034,0.01,0.35
5920.0,0.7,0.7,0.7118,0.01,0.35
5925.0,0.7,0.7,0.686,0.03,0.37
5930.0,0.7,0.7,0.706,-0.0,-0.37
5935.0,0.7,0.7,0.7089,0.01,0.35
5940.0,0.7,0.7,0.7081,0.02,0.36
5945.0,0.7,0.7,0.7081,0.02,0.36
5950.0,0.7,0.7,0.7038,0.03,0.37
5955.0,0.7,0.7,0.7052,0.02,0.36
5960.0,0.7,0.7,0.7099,0.02,0.36
5965.0,0.7,0.7,0.7001,0.03,0.37
5970.0,0.7,0.7,0.7001,0.02,0.36
5975.0,0.7,0.7,0.6972,0.02,0.36
5980.0,0.7,0.7,0.7081,0.01,0.35
5985.0,0.7,0.7,0.6958,0.02,0.36
5990.0,0.7,0.7,0.6871,0.01,0.35
5995.0,0.7,0.7,0.6943,-0.01,-0.38
6000.0,-0.7,-0.7,0.6856,-0.06,-0.43
6005.0,-0.7,-0.7,0.6885,1.94,2.28
6010.0,-0.7,-0.7,0.6856,3.33,3.67
6015.0,-0.7,-0.7,0.6947,4.28,4.62
6020.0,-0.7,-0.7,0.6617,4.96,5.3
6025.0,-0.7,-0.7,0.6501,5.38,5.72
6030.0,-0.7,-0.7,0.6276,5.66,6.0
6035.0,-0.7,-0.7,0.6022,5.81,6.15
6040.0,-0.7,-0.7,0.563,5.89,6.23
6045.0,-0.7,-0.7,0.5311,5.88,6.22
6050.0,-0.7,-0.7,0.4828,5.83,6.17
6055.0,-0.7,-0.7,0.4433,5.73,6.07
6060.0,-0.7,-0.7,0.3954,5.6,5.94
6065.0,-0.7,-0.7,0.3577,5.45,5.79
6070.0,-0.7,-0.7,0.3015,5.29,5.63
6075.0,-0.7,-0.7,0.2637,5.09,5.43
6080.0,-0.7,-0.7,0.2169,4.9,5.24
6085.0,-0.7,-0.7,0.1727,4.71,5.05
6090.0,-0.7,-0.7,0.1262,4.51,4.85
6095.0,-0.7,-0.7,0.0733,4.3,4.64
6100.0,-0.7,-0.7,0.0334,4.09,4.43
6105.0,-0.7,-0.7,-0.0192,3.88,4.22
6110.0,-0.7,-0.7,-0.0722,3.66,4.0
6115.0,-0.7,-0.7,-0.0903,3.43,3.77
6120.0,-0.7,-0.7,-0.1161,3.25,3.59
6125.0,-0.7,-0.7,-0.1691,3.09,3.43
6130.0,-0.7,-0.7,-0.2017,2.9,3.24
6135.0,-0.7,-0.7,-0.2206,2.72,3.06
6140.0,-0.7,-0.7,-0.2634,2.57,2.91
6145.0,-0.7,-0.7,-0.2978,2.4,2.74
6150.0,-0.7,-0.7,-0.3279,2.24,2.58
6155.0,-0.7,-0.7,-0.3533,2.08,2.42
6160.0,-0.7,-0.7,-0.3816,1.94,2.28
6165.0,-0.7,-0.7,-0.4049,1.8,2.14
6170.0,-0.7,-0.7,-0.4502,1.67,2.01
6175.0,-0.7,-0.7,-0.4317,1.51,1.85
6180.0,-0.7,-0.7,-0.476,1.43,1.77
6185.0,-0.7,-0.7,-0.4984,1.31,1.65
6190.0,-0.7,-0.7,-0.4981,1.2,1.54
6195.0,-0.7,-0.7,-0.5271,1.12,1.46
6200.0,-0.7,-0.7,-0.55,1.02,1.36
6205.0,-0.7,-0.7,-0.5627,0.92,1.26
6210.0,-0.7,-0.7,-0.5735,0.84,1.18
6215.0,-0.7,-0.7,-0.5772,0.76,1.1
6220.0,-0.7,-0.7,-0.6026,0.7,1.04
6225.0,-0.7,-0.7,-0.6153,0.63,0.97
6230.0,-0.7,-0.7,-0.6211,0.55,0.89
6235.0,-0.7,-0.7,-0.6349,0.5,0.84
6240.0,-0.7,-0.7,-0.637,0.44,0.78
6245.0,-0.7,-0.7,-0.6523,0.39,0.73
6250.0,-0.7,-0.7,-0.6595,0.34,0.68
6255.0,-0.7,-0.7,-0.6606,0.29,0.63
6260.0,-0.7,-0.7,-0.6675,0.26,0.6
6265.0,-0.7,-0.7,-0.6769,0.23,0.57
6270.0,-0.7,-0.7,-0.6867,0.19,0.53
6275.0,-0.7,-0.7,-0.6806,0.15,0.49
6280.0,-0.7,-0.7,-0.6878,0.13,0.47
6285.0,-0.7,-0.7,-0.6878,0.11,0.45
6290.0,-0.7,-0.7,-0.7005,0.09,0.43
6295.0,-0.7,-0.7,-0.6994,0.06,0.4
6300.0,-0.7,-0.7,-0.7081,0.05,0.39
6305.0,-0.7,-0.7,-0.7201,0.02,0.36
6310.0,-0.7,-0.7,-0.7168,-0.01,-0.38
6315.0,-0.7,-0.7,-0.7165,-0.03,-0.4
6320.0,-0.7,-0.7,-0.7197,-0.05,-0.42
6325.0,-0.7,-0.7,-0.7168,-0.06,-0.43
6330.0,-0.7,-0.7,-0.7234,-0.07,-0.44
6335.0,-0.7,-0.7,-0.7187,-0.08,-0.45
6340.0,-0.7,-0.7,-0.7034,-0.08,-0.45
6345.0,-0.7,-0.7,-0.7125,-0.06,-0.43
6350.0,-0.7,-0.7,-0.707,-0.06,-0.43
6355.0,-0.7,-0.7,-0.7197,-0.05,-0.42
6360.0,-0.7,-0.7,-0.6987,-0.06,-0.43
6365.0,-0.7,-0.7,-0.6987,-0.04,-0.41
6370.0,-0.7,-0.7,-0.7045,-0.03,-0.4
6375.0,-0.7,-0.7,-0.7034,-0.03,-0.4
6380.0,-0.7,-0.7,-0.6958,-0.02,-0.39
6385.0,-0.7,-0.7,-0.6965,-0.01,-0.38
6390.0,-0.7,-0.7,-0.6936,-0.0,-0.37
6395.0,-0.7,-0.7,-0.6936,0.01,0.35
6400.0,-0.7,-0.7,-0.6893,0.01,0.35
6405.0,-0.7,-0.7,-0.6896,0.03,0.37
6410.0,-0.7,-0.7,-0.6849,0.03,0.37
6415.0,-0.7,-0.7,-0.6842,0.04,0.38
6420.0,-0.7,-0.7,-0.6936,0.05,0.39
6425.0,-0.7,-0.7,-0.69,0.05,0.39
6430.0,-0.7,-0.7,-0.6849,0.05,0.39
6435.0,-0.7,-0.7,-0.6972,0.05,0.39
6440.0,-0.7,-0.7,-0.6849,0.04,0.38
6445.0,-0.7,-0.7,-0.6994,0.05,0.39
6450.0,-0.7,-0.7,-0.7009,0.04,0.38
6455.0,-0.7,-0.7,-0.7092,0.02,0.36
6460.0,-0.7,-0.7,-0.7067,0.0,0.34
6465.0,-0.7,-0.7,-0.6991,-0.01,-0.38
6470.0,-0.7,-0.7,-0.7052,-0.0,-0.37
6475.0,-0.7,-0.7,-0.7009,-0.01,-0.38
6480.0,-0.7,-0.7,-0.7067,-0.01,-0.38
6485.0,-0.7,-0.7,-0.7103,-0.02,-0.39
6490.0,-0.7,-0.7,-0.7002,-0.03,-0.4
6495.0,-0.7,-0.7,-0.7078,-0.02,-0.39
6500.0,-0.7,-0.7,-0.7096,-0.02,-0.39
6505.0,-0.7,-0.7,-0.694,-0.03,-0.4
6510.0,-0.7,-0.7,-0.6994,-0.01,-0.38
6515.0,-0.7,-0.7,-0.7034,-0.01,-0.38
6520.0,-0.7,-0.7,-0.6983,-0.01,-0.38
6525.0,-0.7,-0.7,-0.6856,-0.01,-0.38
6530.0,-0.7,-0.7,-0.6933,0.02,0.36
6535.0,-0.7,-0.7,-0.6791,0.02,0.36
6540.0,-0.7,-0.7,-0.6827,0.04,0.38
6545.0,-0.7,-0.7,-0.6925,0.06,0.4
6550.0,-0.7,-0.7,-0.6925,0.05,0.39
6555.0,-0.7,-0.7,-0.6791,0.04,0.38
6560.0,-0.7,-0.7,-0.6889,0.06,0.4
6565.0,-0.7,-0.7,-0.6954,0.06,0.4
6570.0,-0.7,-0.7,-0.6976,0.05,0.39
6575.0,-0.7,-0.7,-0.6885,0.04,0.38
6580.0,-0.7,-0.7,-0.6965,0.04,0.38
6585.0,-0.7,-0.7,-0.6983,0.03,0.37
6590.0,-0.7,-0.7,-0.6933,0.03,0.37
6595.0,-0.7,-0.7,-0.6972,0.03,0.37
6600.0,-0.7,-0.7,-0.706,0.02,0.36
6605.0,-0.7,-0.7,-0.711,0.01,0.35
6610.0,-0.7,-0.7,-0.7118,-0.01,-0.38
6615.0,-0.7,-0.7,-0.7143,-0.02,-0.39
6620.0,-0.7,-0.7,-0.7052,-0.04,-0.41
6625.0,-0.7,-0.7,-0.7147,-0.03,-0.4
6630.0,-0.7,-0.7,-0.7103,-0.04,-0.41
6635.0,-0.7,-0.7,-0.7114,-0.05,-0.42
6640.0,-0.7,-0.7,-0.7132,-0.05,-0.42
6645.0,-0.7,-0.7,-0.7089,-0.05,-0.42
6650.0,-0.7,-0.7,-0.7031,-0.05,-0.42
6655.0,-0.7,-0.7,-0.7002,-0.04,-0.41
6660.0,-0.7,-0.7,-0.6994,-0.03,-0.4
6665.0,-0.7,-0.7,-0.6972,-0.02,-0.39
6670.0,-0.7,-0.7,-0.6976,-0.01,-0.38
6675.0,-0.7,-0.7,-0.698,-0.0,-0.37
6680.0,-0.7,-0.7,-0.6929,0.0,0.34
6685.0,-0.7,-0.7,-0.6907,0.01,0.35
6690.0,-0.7,-0.7,-0.6813,0.02,0.36
6695.0,-0.7,-0.7,-0.6922,0.04,0.38
6700.0,-0.7,-0.7,-0.6893,0.04,0.38
6705.0,-0.7,-0.7,-0.6878,0.04,0.38
6710.0,-0.7,-0.7,-0.6911,0.05,0.39
6715.0,-0.7,-0.7,-0.6958,0.05,0.39
6720.0,-0.7,-0.7,-0.7041,0.04,0.38
6725.0,-0.7,-0.7,-0.7052,0.02,0.36
6730.0,-0.7,-0.7,-0.694,0.01,0.35
6735.0,-0.7,-0.7,-0.7016,0.01,0.35
6740.0,-0.7,-0.7,-0.6922,0.01,0.35
6745.0,-0.7,-0.7,-0.7041,0.02,0.36
6750.0,-0.7,-0.7,-0.7045,0.01,0.35
6755.0,-0.7,-0.7,-0.7132,-0.0,-0.37
6760.0,-0.7,-0.7,-0.7128,-0.02,-0.39
6765.0,-0.7,-0.7,-0.7096,-0.03,-0.4
6770.0,-0.7,-0.7,-0.7103,-0.04,-0.41
6775.0,-0.7,-0.7,-0.7089,-0.04,-0.41
6780.0,-0.7,-0.7,-0.6925,-0.04,-0.41
6785.0,-0.7,-0.7,-0.7092,-0.02,-0.39
6790.0,-0.7,-0.7,-0.7049,-0.03,-0.4
6795.0,-0.7,-0.7,-0.6958,-0.02,-0.39
6800.0,-0.7,-0.7,-0.7074,-0.01,-0.38
6805.0,-0.7,-0.7,-0.6998,-0.02,-0.39
6810.0,-0.7,-0.7,-0.6943,-0.01,-0.38
6815.0,-0.7,-0.7,-0.6958,-0.0,-0.37
6820.0,-0.7,-0.7,-0.6951,0.01,0.35
6825.0,-0.7,-0.7,-0.6922,0.01,0.35
6830.0,-0.7,-0.7,-0.682,0.02,0.36
6835.0,-0.7,-0.7,-0.6929,0.04,0.38
6840.0,-0.7,-0.7,-0.6867,0.04,0.38
6845.0,-0.7,-0.7,-0.6914,0.04,0.38
6850.0,-0.7,-0.7,-0.6933,0.04,0.38
6855.0,-0.7,-0.7,-0.6849,0.04,0.38
6860.0,-0.7,-0.7,-0.6972,0.05,0.39
6865.0,-0.7,-0.7,-0.6994,0.04,0.38
6870.0,-0.7,-0.7,-0.6987,0.03,0.37
6875.0,-0.7,-0.7,-0.7016,0.02,0.36
6880.0,-0.7,-0.7,-0.6994,0.01,0.35
6885.0,-0.7,-0.7,-0.7067,0.01,0.35
6890.0,-0.7,-0.7,-0.7074,-0.0,-0.37
6895.0,-0.7,-0.7,-0.7067,-0.01,-0.38
6900.0,-0.7,-0.7,-0.7089,-0.02,-0.39
6905.0,-0.7,-0.7,-0.7012,-0.03,-0.4
6910.0,-0.7,-0.7,-0.7103,-0.02,-0.39
6915.0,-0.7,-0.7,-0.7063,-0.03,-0.4
6920.0,-0.7,-0.7,-0.7128,-0.03,-0.4
6925.0,-0.7,-0.7,-0.7016,-0.04,-0.41
6930.0,-0.7,-0.7,-0.7023,-0.03,-0.4
6935.0,-0.7,-0.7,-0.706,-0.02,-0.39
6940.0,-0.7,-0.7,-0.7016,-0.02,-0.39
6945.0,-0.7,-0.7,-0.6933,-0.02,-0.39
6950.0,-0.7,-0.7,-0.6907,-0.0,-0.37
6955.0,-0.7,-0.7,-0.6885,0.01,0.35
6960.0,-0.7,-0.7,-0.6958,0.02,0.36
6965.0,-0.7,-0.7,-0.6791,0.02,0.36
6970.0,-0.7,-0.7,-0.6943,0.05,0.39
6975.0,-0.7,-0.7,-0.6885,0.04,0.38
6980.0,-0.7,-0.7,-0.6816,0.04,0.38
6985.0,-0.7,-0.7,-0.6914,0.06,0.4
6990.0,-0.7,-0.7,-0.6987,0.05,0.39
6995.0,-0.7,-0.7,-0.6925,0.04,0.38
7000.0,0.7,0.7,-0.7002,0.08,0.42
7005.0,0.7,0.7,-0.7041,-1.94,-2.31
7010.0,0.7,0.7,-0.6965,-3.35,-3.72
7015.0,0.7,0.7,-0.6824,-4.32,-4.69
7020.0,0.7,0.7,-0.6842,-4.97,-5.34
7025.0,0.7,0.7,-0.6675,-5.42,-5.79
7030.0,0.7,0.7,-0.6461,-5.71,-6.08
7035.0,0.7,0.7,-0.6127,-5.88,-6.25
7040.0,0.7,0.7,-0.5746,-5.95,-6.32
7045.0,0.7,0.7,-0.5351,-5.94,-6.31
7050.0,0.7,0.7,-0.481,-5.88,-6.25
7055.0,0.7,0.7,-0.4585,-5.76,-6.13
7060.0,0.7,0.7,-0.4092,-5.65,-6.02
7065.0,0.7,0.7,-0.3679,-5.5,-5.87
7070.0,0.7,0.7,-0.3192,-5.33,-5.7
7075.0,0.7,0.7,-0.2663,-5.15,-5.52
7080.0,0.7,0.7,-0.2231,-4.95,-5.32
7085.0,0.7,0.7,-0.1654,-4.75,-5.12
7090.0,0.7,0.7,-0.1328,-4.53,-4.9
7095.0,0.7,0.7,-0.0827,-4.33,-4.7
7100.0,0.7,0.7,-0.0377,-4.11,-4.48
7105.0,0.7,0.7,0.0058,-3.9,-4.27
7110.0,0.7,0.7,0.0486,-3.7,-4.07
7115.0,0.7,0.7,0.0892,-3.49,-3.86
7120.0,0.7,0.7,0.1288,-3.29,-3.66
7125.0,0.7,0.7,0.1654,-3.1,-3.47
7130.0,0.7,0.7,0.2061,-2.91,-3.28
7135.0,0.7,0.7,0.2641,-2.72,-3.09
7140.0,0.7,0.7,0.2699,-2.51,-2.88
7145.0,0.7,0.7,0.304,-2.35,-2.72
7150.0,0.7,0.7,0.3316,-2.2,-2.57
7155.0,0.7,0.7,0.3562,-2.05,-2.42
7160.0,0.7,0.7,0.3889,-1.91,-2.28
7165.0,0.7,0.7,0.3958,-1.77,-2.14
7170.0,0.7,0.7,0.4317,-1.66,-2.03
7175.0,0.7,0.7,0.4531,-1.53,-1.9
7180.0,0.7,0.7,0.4789,-1.42,-1.79
7185.0,0.7,0.7,0.4934,-1.3,-1.67
7190.0,0.7,0.7,0.5224,-1.19,-1.56
7195.0,0.7,0.7,0.534,-1.08,-1.45
7200.0,0.7,0.7,0.5463,-0.99,-1.36
7205.0,0.7,0.7,0.5616,-0.9,-1.27
7210.0,0.7,0.7,0.5797,-0.82,-1.19
7215.0,0.7,0.7,0.5899,-0.74,-1.11
7220.0,0.7,0.7,0.6044,-0.67,-1.04
7225.0,0.7,0.7,0.6095,-0.6,-0.97
7230.0,0.7,0.7,0.629,-0.55,-0.92
7235.0,0.7,0.7,0.6392,-0.48,-0.85
7240.0,0.7,0.7,0.6407,-0.42,-0.79
7245.0,0.7,0.7,0.653,-0.38,-0.75
7250.0,0.7,0.7,0.657,-0.33,-0.7
7255.0,0.7,0.7,0.6682,-0.29,-0.66
7260.0,0.7,0.7,0.6733,-0.25,-0.62
7265.0,0.7,0.7,0.6675,-0.21,-0.58
7270.0,0.7,0.7,0.6885,-0.19,-0.56
7275.0,0.7,0.7,0.6918,-0.15,-0.52
7280.0,0.7,0.7,0.6893,-0.11,-0.48
7285.0,0.7,0.7,0.6943,-0.09,-0.46
7290.0,0.7,0.7,0.6991,-0.07,-0.44
7295.0,0.7,0.7,0.7139,-0.05,-0.42
7300.0,0.7,0.7,0.7219,-0.02,-0.39
7305.0,0.7,0.7,0.7168,0.02,0.36
7310.0,0.7,0.7,0.7205,0.04,0.38
7315.0,0.7,0.7,0.7237,0.06,0.4
7320.0,0.7,0.7,0.7161,0.07,0.41
7325.0,0.7,0.7,0.7168,0.07,0.41
7330.0,0.7,0.7,0.7161,0.07,0.41
7335.0,0.7,0.7,0.7197,0.07,0.41
7340.0,0.7,0.7,0.7165,0.08,0.42
7345.0,0.7,0.7,0.7118,0.08,0.42
7350.0,0.7,0.7,0.7168,0.07,0.41
7355.0,0.7,0.7,0.7092,0.07,0.41
7360.0,0.7,0.7,0.7081,0.06,0.4
7365.0,0.7,0.7,0.7205,0.06,0.4
7370.0,0.7,0.7,0.7016,0.07,0.41
7375.0,0.7,0.7,0.6885,0.05,0.39
7380.0,0.7,0.7,0.6958,0.02,0.36
7385.0,0.7,0.7,0.6914,0.01,0.35
7390.0,0.7,0.7,0.6987,-0.01,-0.38
7395.0,0.7,0.7,0.6856,-0.01,-0.38
7400.0,0.7,0.7,0.6878,-0.03,-0.4
7405.0,0.7,0.7,0.6842,-0.03,-0.4
7410.0,0.7,0.7,0.6885,-0.05,-0.42
7415.0,0.7,0.7,0.6907,-0.05,-0.42
7420.0,0.7,0.7,0.6936,-0.05,-0.42
7425.0,0.7,0.7,0.69,-0.04,-0.41
7430.0,0.7,0.7,0.6958,-0.04,-0.41
7435.0,0.7,0.7,0.6972,-0.04,-0.41
7440.0,0.7,0.7,0.7023,-0.03,-0.4
7445.0,0.7,0.7,0.7001,-0.02,-0.39
7450.0,0.7,0.7,0.7049,-0.01,-0.38
7455.0,0.7,0.7,0.6998,-0.0,-0.37
7460.0,0.7,0.7,0.706,-0.0,-0.37
7465.0,0.7,0.7,0.7103,0.01,0.35
7470.0,0.7,0.7,0.7081,0.02,0.36
7475.0,0.7,0.7,0.711,0.03,0.37
7480.0,0.7,0.7,0.7023,0.03,0.37
7485.0,0.7,0.7,0.7052,0.03,0.37
7490.0,0.7,0.7,0.711,0.03,0.37
7495.0,0.7,0.7,0.711,0.03,0.37
7500.0,0.7,0.7,0.7063,0.04,0.38
7505.0,0.7,0.7,0.706,0.04,0.38
7510.0,0.7,0.7,0.6947,0.03,0.37
7515.0,0.7,0.7,0.706,0.02,0.36
7520.0,0.7,0.7,0.6965,0.02,0.36
7525.0,0.7,0.7,0.7023,0.01,0.35
7530.0,0.7,0.7,0.6914,0.01,0.35
7535.0,0.7,0.7,0.6936,-0.01,-0.38
7540.0,0.7,0.7,0.6914,-0.01,-0.38
7545.0,0.7,0.7,0.7023,-0.02,-0.39
7550.0,0.7,0.7,0.6914,-0.01,-0.38
7555.0,0.7,0.7,0.6976,-0.02,-0.39
7560.0,0.7,0.7,0.6914,-0.02,-0.39
7565.0,0.7,0.7,0.6889,-0.02,-0.39
7570.0,0.7,0.7,0.6951,-0.03,-0.4
7575.0,0.7,0.7,0.6987,-0.03,-0.4
7580.0,0.7,0.7,0.6987,-0.02,-0.39
7585.0,0.7,0.7,0.711,-0.02,-0.39
7590.0,0.7,0.7,0.706,0.0,0.34
7595.0,0.7,0.7,0.7023,0.01,0.35
7600.0,0.7,0.7,0.7052,0.01,0.35
7605.0,0.7,0.7,0.7063,0.01,0.35
7610.0,0.7,0.7,0.7001,0.02,0.36
7615.0,0.7,0.7,0.7081,0.01,0.35
7620.0,0.7,0.7,0.7023,0.02,0.36
7625.0,0.7,0.7,0.6958,0.02,0.36
7630.0,0.7,0.7,0.6969,0.01,0.35
7635.0,0.7,0.7,0.6994,-0.0,-0.37
7640.0,0.7,0.7,0.6936,-0.0,-0.37
7645.0,0.7,0.7,0.6972,-0.01,-0.38
7650.0,0.7,0.7,0.6965,-0.01,-0.38
7655.0,0.7,0.7,0.6918,-0.01,-0.38
7660.0,0.7,0.7,0.6791,-0.02,-0.39
7665.0,0.7,0.7,0.7034,-0.04,-0.41
7670.0,0.7,0.7,0.6987,-0.03,-0.4
7675.0,0.7,0.7,0.7052,-0.02,-0.39
7680.0,0.7,0.7,0.7089,-0.01,-0.38
7685.0,0.7,0.7,0.7089,0.01,0.35
7690.0,0.7,0.7,0.7089,0.02,0.36
7695.0,0.7,0.7,0.715,0.03,0.37
7700.0,0.7,0.7,0.711,0.04,0.38
7705.0,0.7,0.7,0.7197,0.04,0.38
7710.0,0.7,0.7,0.7081,0.06,0.4
7715.0,0.7,0.7,0.7147,0.05,0.39
7720.0,0.7,0.7,0.6958,0.06,0.4
7725.0,0.7,0.7,0.7089,0.03,0.37
7730.0,0.7,0.7,0.7023,0.04,0.38
7735.0,0.7,0.7,0.6972,0.03,0.37
7740.0,0.7,0.7,0.6951,0.02,0.36
7745.0,0.7,0.7,0.6874,0.0,0.34
7750.0,0.7,0.7,0.6914,-0.02,-0.39
7755.0,0.7,0.7,0.6943,-0.02,-0.39
7760.0,0.7,0.7,0.6907,-0.02,-0.39
7765.0,0.7,0.7,0.6911,-0.03,-0.4
7770.0,0.7,0.7,0.6965,-0.03,-0.4
7775.0,0.7,0.7,0.7049,-0.03,-0.4
7780.0,0.7,0.7,0.6958,-0.01,-0.38
7785.0,0.7,0.7,0.6816,-0.01,-0.38
7790.0,0.7,0.7,0.698,-0.04,-0.41
7795.0,0.7,0.7,0.7049,-0.03,-0.4
7800.0,0.7,0.7,0.7016,-0.01,-0.38
7805.0,0.7,0.7,0.6994,-0.01,-0.38
7810.0,0.7,0.7,0.711,-0.01,-0.38
7815.0,0.7,0.7,0.6943,0.01,0.35
7820.0,0.7,0.7,0.7172,-0.0,-0.37
7825.0,0.7,0.7,0.7161,0.02,0.36
7830.0,0.7,0.7,0.7089,0.04,0.38
7835.0,0.7,0.7,0.719,0.04,0.38
7840.0,0.7,0.7,0.7045,0.06,0.4
7845.0,0.7,0.7,0.7089,0.04,0.38
7850.0,0.7,0.7,0.7168,0.04,0.38
7855.0,0.7,0.7,0.7089,0.05,0.39
7860.0,0.7,0.7,0.7045,0.05,0.39
7865.0,0.7,0.7,0.7089,0.04,0.38
7870.0,0.7,0.7,0.6994,0.04,0.38
7875.0,0.7,0.7,0.6936,0.03,0.37
7880.0,0.7,0.7,0.698,0.01,0.35
7885.0,0.7,0.7,0.7005,0.0,0.34
7890.0,0.7,0.7,0.6885,0.0,0.34
7895.0,0.7,0.7,0.6947,-0.01,-0.38
7900.0,0.7,0.7,0.6885,-0.02,-0.39
7905.0,0.7,0.7,0.6762,-0.03,-0.4
7910.0,0.7,0.7,0.6958,-0.05,-0.42
7915.0,0.7,0.7,0.686,-0.04,-0.41
7920.0,0.7,0.7,0.6929,-0.05,-0.42
7925.0,0.7,0.7,0.6907,-0.04,-0.41
7930.0,0.7,0.7,0.6893,-0.04,-0.41
7935.0,0.7,0.7,0.6936,-0.05,-0.42
7940.0,0.7,0.7,0.703,-0.04,-0.41
7945.0,0.7,0.7,0.7023,-0.02,-0.39
7950.0,0.7,0.7,0.7023,-0.01,-0.38
7955.0,0.7,0.7,0.707,-0.01,-0.38
7960.0,0.7,0.7,0.706,0.01,0.35
7965.0,0.7,0.7,0.7049,0.01,0.35
7970.0,0.7,0.7,0.703,0.02,0.36
7975.0,0.7,0.7,0.711,0.01,0.35
7980.0,0.7,0.7,0.7176,0.03,0.37
7985.0,0.7,0.7,0.7197,0.04,0.38
7990.0,0.7,0.7,0.7121,0.06,0.4
7995.0,0.7,0.7,0.6994,0.06,0.4
8000.0,-0.7,-0.7,0.7005,-0.01,-0.38
8005.0,-0.7,-0.7,0.7023,2.0,2.34
8010.0,-0.7,-0.7,0.6987,3.39,3.73
8015.0,-0.7,-0.7,0.6907,4.35,4.69
8020.0,-0.7,-0.7,0.6733,5.0,5.34
8025.0,-0.7,-0.7,0.6581,5.42,5.76
8030.0,-0.7,-0.7,0.629,5.7,6.04
8035.0,-0.7,-0.7,0.6015,5.85,6.19
8040.0,-0.7,-0.7,0.5695,5.91,6.25
8045.0,-0.7,-0.7,0.5282,5.91,6.25
8050.0,-0.7,-0.7,0.4876,5.85,6.19
8055.0,-0.7,-0.7,0.4455,5.75,6.09
8060.0,-0.7,-0.7,0.3914,5.62,5.96
8065.0,-0.7,-0.7,0.3606,5.45,5.79
8070.0,-0.7,-0.7,0.3145,5.29,5.63
8075.0,-0.7,-0.7,0.2619,5.12,5.46
8080.0,-0.7,-0.7,0.2235,4.92,5.26
8085.0,-0.7,-0.7,0.1741,4.73,5.07
8090.0,-0.7,-0.7,0.1255,4.52,4.86
8095.0,-0.7,-0.7,0.0863,4.31,4.65
8100.0,-0.7,-0.7,0.0388,4.11,4.45
8105.0,-0.7,-0.7,-0.0047,3.9,4.24
8110.0,-0.7,-0.7,-0.0464,3.7,4.04
8115.0,-0.7,-0.7,-0.0903,3.5,3.84
8120.0,-0.7,-0.7,-0.1277,3.29,3.63
8125.0,-0.7,-0.7,-0.1618,3.1,3.44
8130.0,-0.7,-0.7,-0.1995,2.92,3.26
8135.0,-0.7,-0.7,-0.2235,2.74,3.08
8140.0,-0.7,-0.7,-0.2634,2.58,2.92
8145.0,-0.7,-0.7,-0.2931,2.41,2.75
8150.0,-0.7,-0.7,-0.3214,2.25,2.59
8155.0,-0.7,-0.7,-0.3573,2.1,2.44
8160.0,-0.7,-0.7,-0.3809,1.94,2.28
8165.0,-0.7,-0.7,-0.4063,1.8,2.14
8170.0,-0.7,-0.7,-0.4259,1.67,2.01
8175.0,-0.7,-0.7,-0.4538,1.55,1.89
8180.0,-0.7,-0.7,-0.4702,1.42,1.76
8185.0,-0.7,-0.7,-0.4999,1.32,1.66
8190.0,-0.7,-0.7,-0.5115,1.2,1.54
8195.0,-0.7,-0.7,-0.5289,1.1,1.44
8200.0,-0.7,-0.7,-0.5427,1.01,1.35
8205.0,-0.7,-0.7,-0.5514,0.92,1.26
8210.0,-0.7,-0.7,-0.5754,0.85,1.19
8215.0,-0.7,-0.7,-0.5881,0.77,1.11
8220.0,-0.7,-0.7,-0.6,0.69,1.03
8225.0,-0.7,-0.7,-0.6095,0.62,0.96
8230.0,-0.7,-0.7,-0.6182,0.56,0.9
8235.0,-0.7,-0.7,-0.6363,0.51,0.85
8240.0,-0.7,-0.7,-0.6327,0.44,0.78
8245.0,-0.7,-0.7,-0.6359,0.4,0.74
8250.0,-0.7,-0.7,-0.6588,0.37,0.71
8255.0,-0.7,-0.7,-0.6631,0.32,0.66
8260.0,-0.7,-0.7,-0.6675,0.27,0.61
8265.0,-0.7,-0.7,-0.6704,0.23,0.57
8270.0,-0.7,-0.7,-0.6813,0.2,0.54
8275.0,-0.7,-0.7,-0.6885,0.17,0.51
8280.0,-0.7,-0.7,-0.6958,0.13,0.47
8285.0,-0.7,-0.7,-0.6965,0.1,0.44
8290.0,-0.7,-0.7,-0.7031,0.07,0.41
8295.0,-0.7,-0.7,-0.7052,0.05,0.39
8300.0,-0.7,-0.7,-0.7078,0.02,0.36
8305.0,-0.7,-0.7,-0.7118,0.01,0.35
8310.0,-0.7,-0.7,-0.7161,-0.01,-0.38
8315.0,-0.7,-0.7,-0.727,-0.03,-0.4
8320.0,-0.7,-0.7,-0.7205,-0.06,-0.43
8325.0,-0.7,-0.7,-0.7157,-0.07,-0.44
8330.0,-0.7,-0.7,-0.7197,-0.07,-0.44
8335.0,-0.7,-0.7,-0.7161,-0.08,-0.45
8340.0,-0.7,-0.7,-0.7234,-0.08,-0.45
8345.0,-0.7,-0.7,-0.7089,-0.09,-0.46
8350.0,-0.7,-0.7,-0.7139,-0.07,-0.44
8355.0,-0.7,-0.7,-0.7074,-0.07,-0.44
8360.0,-0.7,-0.7,-0.7089,-0.06,-0.43
8365.0,-0.7,-0.7,-0.7023,-0.05,-0.42
8370.0,-0.7,-0.7,-0.7041,-0.04,-0.41
8375.0,-0.7,-0.7,-0.6994,-0.03,-0.4
8380.0,-0.7,-0.7,-0.6933,-0.02,-0.39
8385.0,-0.7,-0.7,-0.6918,-0.01,-0.38
8390.0,-0.7,-0.7,-0.7023,0.01,0.35
8395.0,-0.7,-0.7,-0.6878,0.0,0.34
8400.0,-0.7,-0.7,-0.6896,0.02,0.36
8405.0,-0.7,-0.7,-0.6922,0.03,0.37
8410.0,-0.7,-0.7,-0.6871,0.03,0.37
8415.0,-0.7,-0.7,-0.6827,0.04,0.38
8420.0,-0.7,-0.7,-0.69,0.05,0.39
8425.0,-0.7,-0.7,-0.67,0.05,0.39
8430.0,-0.7,-0.7,-0.6914,0.08,0.42
8435.0,-0.7,-0.7,-0.7023,0.07,0.41
8440.0,-0.7,-0.7,-0.7012,0.04,0.38
8445.0,-0.7,-0.7,-0.6922,0.03,0.37
8450.0,-0.7,-0.7,-0.7023,0.03,0.37
8455.0,-0.7,-0.7,-0.7063,0.02,0.36
8460.0,-0.7,-0.7,-0.7056,0.0,0.34
8465.0,-0.7,-0.7,-0.7031,-0.01,-0.38
8470.0,-0.7,-0.7,-0.7031,-0.01,-0.38
8475.0,-0.7,-0.7,-0.7132,-0.01,-0.38
8480.0,-0.7,-0.7,-0.7176,-0.03,-0.4
8485.0,-0.7,-0.7,-0.7125,-0.04,-0.41
8490.0,-0.7,-0.7,-0.7089,-0.05,-0.42
8495.0,-0.7,-0.7,-0.706,-0.05,-0.42
8500.0,-0.7,-0.7,-0.706,-0.04,-0.41
8505.0,-0.7,-0.7,-0.7041,-0.04,-0.41
8510.0,-0.7,-0.7,-0.7012,-0.03,-0.4
8515.0,-0.7,-0.7,-0.6922,-0.02,-0.39
8520.0,-0.7,-0.7,-0.7012,-0.0,-0.37
8525.0,-0.7,-0.7,-0.6987,-0.01,-0.38
8530.0,-0.7,-0.7,-0.6925,-0.0,-0.37
8535.0,-0.7,-0.7,-0.6907,0.01,0.35
8540.0,-0.7,-0.7,-0.6943,0.02,0.36
8545.0,-0.7,-0.7,-0.6867,0.02,0.36
8550.0,-0.7,-0.7,-0.6885,0.03,0.37
8555.0,-0.7,-0.7,-0.6871,0.04,0.38
8560.0,-0.7,-0.7,-0.7005,0.05,0.39
8565.0,-0.7,-0.7,-0.69,0.03,0.37
8570.0,-0.7,-0.7,-0.6907,0.04,0.38
8575.0,-0.7,-0.7,-0.6958,0.04,0.38
8580.0,-0.7,-0.7,-0.6943,0.03,0.37
8585.0,-0.7,-0.7,-0.7009,0.03,0.37
8590.0,-0.7,-0.7,-0.6972,0.02,0.36
8595.0,-0.7,-0.7,-0.6994,0.02,0.36
8600.0,-0.7,-0.7,-0.7031,0.01,0.35
8605.0,-0.7,-0.7,-0.706,0.0,0.34
8610.0,-0.7,-0.7,-0.7074,-0.01,-0.38
8615.0,-0.7,-0.7,-0.7128,-0.01,-0.38
8620.0,-0.7,-0.7,-0.7121,-0.03,-0.4
8625.0,-0.7,-0.7,-0.7081,-0.04,-0.41
8630.0,-0.7,-0.7,-0.7085,-0.04,-0.41
8635.0,-0.7,-0.7,-0.7128,-0.04,-0.41
8640.0,-0.7,-0.7,-0.7089,-0.04,-0.41
8645.0,-0.7,-0.7,-0.706,-0.04,-0.41
8650.0,-0.7,-0.7,-0.7031,-0.04,-0.41
8655.0,-0.7,-0.7,-0.7067,-0.03,-0.4
8660.0,-0.7,-0.7,-0.6987,-0.03,-0.4
8665.0,-0.7,-0.7,-0.6991,-0.02,-0.39
8670.0,-0.7,-0.7,-0.6936,-0.01,-0.38
8675.0,-0.7,-0.7,-0.69,0.0,0.34
8680.0,-0.7,-0.7,-0.69,0.01,0.35
8685.0,-0.7,-0.7,-0.6893,0.02,0.36
8690.0,-0.7,-0.7,-0.6885,0.03,0.37
8695.0,-0.7,-0.7,-0.6867,0.04,0.38
8700.0,-0.7,-0.7,-0.6885,0.05,0.39
8705.0,-0.7,-0.7,-0.6951,0.05,0.39
8710.0,-0.7,-0.7,-0.6918,0.04,0.38
8715.0,-0.7,-0.7,-0.6791,0.04,0.38
8720.0,-0.7,-0.7,-0.6994,0.06,0.4
8725.0,-0.7,-0.7,-0.6943,0.04,0.38
8730.0,-0.7,-0.7,-0.702,0.04,0.38
8735.0,-0.7,-0.7,-0.7081,0.02,0.36
8740.0,-0.7,-0.7,-0.711,0.0,0.34
8745.0,-0.7,-0.7,-0.7081,-0.01,-0.38
8750.0,-0.7,-0.7,-0.7089,-0.02,-0.39
8755.0,-0.7,-0.7,-0.7074,-0.03,-0.4
8760.0,-0.7,-0.7,-0.7081,-0.03,-0.4
8765.0,-0.7,-0.7,-0.719,-0.03,-0.4
8770.0,-0.7,-0.7,-0.7089,-0.05,-0.42
8775.0,-0.7,-0.7,-0.7052,-0.05,-0.42
8780.0,-0.7,-0.7,-0.7038,-0.04,-0.41
8785.0,-0.7,-0.7,-0.7009,-0.03,-0.4
8790.0,-0.7,-0.7,-0.6965,-0.02,-0.39
8795.0,-0.7,-0.7,-0.6958,-0.01,-0.38
8800.0,-0.7,-0.7,-0.6871,-0.0,-0.37
8805.0,-0.7,-0.7,-0.6958,0.02,0.36
8810.0,-0.7,-0.7,-0.6893,0.02,0.36
8815.0,-0.7,-0.7,-0.6904,0.03,0.37
8820.0,-0.7,-0.7,-0.6907,0.03,0.37
8825.0,-0.7,-0.7,-0.6907,0.04,0.38
8830.0,-0.7,-0.7,-0.6914,0.04,0.38
8835.0,-0.7,-0.7,-0.6936,0.04,0.38
8840.0,-0.7,-0.7,-0.7023,0.04,0.38
8845.0,-0.7,-0.7,-0.6965,0.02,0.36
8850.0,-0.7,-0.7,-0.6972,0.02,0.36
8855.0,-0.7,-0.7,-0.6987,0.02,0.36
8860.0,-0.7,-0.7,-0.7023,0.01,0.35
8865.0,-0.7,-0.7,-0.6914,0.01,0.35
8870.0,-0.7,-0.7,-0.711,0.02,0.36
8875.0,-0.7,-0.7,-0.7052,-0.0,-0.37
8880.0,-0.7,-0.7,-0.6965,-0.01,-0.38
8885.0,-0.7,-0.7,-0.7074,-0.0,-0.37
8890.0,-0.7,-0.7,-0.7176,-0.01,-0.38
8895.0,-0.7,-0.7,-0.7074,-0.03,-0.4
8900.0,-0.7,-0.7,-0.7089,-0.03,-0.4
8905.0,-0.7,-0.7,-0.7165,-0.04,-0.41
8910.0,-0.7,-0.7,-0.7027,-0.05,-0.42
8915.0,-0.7,-0.7,-0.7074,-0.04,-0.41
8920.0,-0.7,-0.7,-0.6972,-0.04,-0.41
8925.0,-0.7,-0.7,-0.6951,-0.02,-0.39
8930.0,-0.7,-0.7,-0.6958,-0.01,-0.38
8935.0,-0.7,-0.7,-0.6918,0.0,0.34
8940.0,-0.7,-0.7,-0.6922,0.01,0.35
8945.0,-0.7,-0.7,-0.6914,0.02,0.36
8950.0,-0.7,-0.7,-0.6827,0.03,0.37
8955.0,-0.7,-0.7,-0.6907,0.04,0.38
8960.0,-0.7,-0.7,-0.7034,0.04,0.38
8965.0,-0.7,-0.7,-0.6929,0.02,0.36
8970.0,-0.7,-0.7,-0.6929,0.03,0.37
8975.0,-0.7,-0.7,-0.6965,0.03,0.37
8980.0,-0.7,-0.7,-0.6965,0.03,0.37
8985.0,-0.7,-0.7,-0.7023,0.02,0.36
8990.0,-0.7,-0.7,-0.7038,0.01,0.35
8995.0,-0.7,-0.7,-0.7023,0.0,0.34
9000.0,0.7,0.7,-0.7052,0.04,0.38
9005.0,0.7,0.7,-0.707,-1.98,-2.35
9010.0,0.7,0.7,-0.7197,-3.38,-3.75
9015.0,0.7,0.7,-0.6972,-4.37,-4.74
9020.0,0.7,0.7,-0.6914,-5.02,-5.39
9025.0,0.7,0.7,-0.6733,-5.47,-5.84
9030.0,0.7,0.7,-0.6486,-5.75,-6.12
9035.0,0.7,0.7,-0.616,-5.91,-6.28
9040.0,0.7,0.7,-0.5822,-5.97,-6.34
9045.0,0.7,0.7,-0.5442,-5.97,-6.34
9050.0,0.7,0.7,-0.4894,-5.91,-6.28
9055.0,0.7,0.7,-0.4607,-5.8,-6.17
9060.0,0.7,0.7,-0.4143,-5.67,-6.04
9065.0,0.7,0.7,-0.3591,-5.52,-5.89
9070.0,0.7,0.7,-0.3185,-5.34,-5.71
9075.0,0.7,0.7,-0.2746,-5.15,-5.52
9080.0,0.7,0.7,-0.2271,-4.96,-5.33
9085.0,0.7,0.7,-0.1792,-4.76,-5.13
9090.0,0.7,0.7,-0.1306,-4.56,-4.93
9095.0,0.7,0.7,-0.0791,-4.34,-4.71
9100.0,0.7,0.7,-0.0428,-4.12,-4.49
9105.0,0.7,0.7,0.0087,-3.92,-4.29
9110.0,0.7,0.7,0.0457,-3.7,-4.07
9115.0,0.7,0.7,0.0834,-3.5,-3.87
9120.0,0.7,0.7,0.1219,-3.31,-3.68
9125.0,0.7,0.7,0.1625,-3.12,-3.49
9130.0,0.7,0.7,0.201,-2.93,-3.3
9135.0,0.7,0.7,0.2445,-2.74,-3.11
9140.0,0.7,0.7,0.2681,-2.55,-2.92
9145.0,0.7,0.7,0.296,-2.38,-2.75
9150.0,0.7,0.7,0.3272,-2.23,-2.6
9155.0,0.7,0.7,0.3624,-2.08,-2.45
9160.0,0.7,0.7,0.3802,-1.92,-2.29
9165.0,0.7,0.7,0.4074,-1.79,-2.16
9170.0,0.7,0.7,0.4295,-1.66,-2.03
9175.0,0.7,0.7,0.4498,-1.53,-1.9
9180.0,0.7,0.7,0.4738,-1.42,-1.79
9185.0,0.7,0.7,0.4934,-1.31,-1.68
9190.0,0.7,0.7,0.513,-1.2,-1.57
9195.0,0.7,0.7,0.5289,-1.1,-1.47
9200.0,0.7,0.7,0.538,-1.01,-1.38
9205.0,0.7,0.7,0.5572,-0.93,-1.3
9210.0,0.7,0.7,0.5804,-0.85,-1.22
9215.0,0.7,0.7,0.5884,-0.76,-1.13
9220.0,0.7,0.7,0.592,-0.68,-1.05
9225.0,0.7,0.7,0.6131,-0.63,-1.0
9230.0,0.7,0.7,0.6174,-0.56,-0.93
9235.0,0.7,0.7,0.6309,-0.51,-0.88
9240.0,0.7,0.7,0.6327,-0.45,-0.82
9245.0,0.7,0.7,0.6508,-0.41,-0.78
9250.0,0.7,0.7,0.6566,-0.35,-0.72
9255.0,0.7,0.7,0.6624,-0.31,-0.68
9260.0,0.7,0.7,0.6762,-0.27,-0.64
9265.0,0.7,0.7,0.6769,-0.22,-0.59
9270.0,0.7,0.7,0.6842,-0.18,-0.55
9275.0,0.7,0.7,0.6914,-0.15,-0.52
9280.0,0.7,0.7,0.6936,-0.12,-0.49
9285.0,0.7,0.7,0.7081,-0.09,-0.46
9290.0,0.7,0.7,0.7081,-0.05,-0.42
9295.0,0.7,0.7,0.7114,-0.02,-0.39
9300.0,0.7,0.7,0.7139,-0.0,-0.37
9305.0,0.7,0.7,0.7154,0.02,0.36
9310.0,0.7,0.7,0.7161,0.04,0.38
9315.0,0.7,0.7,0.7176,0.05,0.39
9320.0,0.7,0.7,0.7049,0.06,0.4
9325.0,0.7,0.7,0.7197,0.05,0.39
9330.0,0.7,0.7,0.7197,0.06,0.4
9335.0,0.7,0.7,0.7125,0.07,0.41
9340.0,0.7,0.7,0.7052,0.07,0.41
9345.0,0.7,0.7,0.7176,0.05,0.39
9350.0,0.7,0.7,0.711,0.06,0.4
9355.0,0.7,0.7,0.706,0.06,0.4
9360.0,0.7,0.7,0.7052,0.05,0.39
9365.0,0.7,0.7,0.702,0.04,0.38
9370.0,0.7,0.7,0.7038,0.03,0.37
9375.0,0.7,0.7,0.7023,0.03,0.37
9380.0,0.7,0.7,0.6965,0.02,0.36
9385.0,0.7,0.7,0.6929,0.01,0.35
9390.0,0.7,0.7,0.7001,-0.0,-0.37
9395.0,0.7,0.7,0.6914,-0.0,-0.37
9400.0,0.7,0.7,0.6907,-0.01,-0.38
9405.0,0.7,0.7,0.6878,-0.02,-0.39
9410.0,0.7,0.7,0.6907,-0.03,-0.4
9415.0,0.7,0.7,0.6893,-0.04,-0.41
9420.0,0.7,0.7,0.6936,-0.04,-0.41
9425.0,0.7,0.7,0.6918,-0.04,-0.41
9430.0,0.7,0.7,0.7023,-0.04,-0.41
9435.0,0.7,0.7,0.6994,-0.02,-0.39
9440.0,0.7,0.7,0.6994,-0.02,-0.39
9445.0,0.7,0.7,0.6965,-0.01,-0.38
9450.0,0.7,0.7,0.7081,-0.01,-0.38
9455.0,0.7,0.7,0.7052,0.0,0.34
9460.0,0.7,0.7,0.711,0.01,0.35
9465.0,0.7,0.7,0.706,0.02,0.36
9470.0,0.7,0.7,0.7081,0.02,0.36
9475.0,0.7,0.7,0.7052,0.03,0.37
9480.0,0.7,0.7,0.7063,0.03,0.37
9485.0,0.7,0.7,0.7034,0.03,0.37
9490.0,0.7,0.7,0.7081,0.02,0.36
9495.0,0.7,0.7,0.7023,0.03,0.37
9500.0,0.7,0.7,0.7023,0.02,0.36
9505.0,0.7,0.7,0.6947,0.02,0.36
9510.0,0.7,0.7,0.6958,0.01,0.35
9515.0,0.7,0.7,0.6878,-0.0,-0.37
9520.0,0.7,0.7,0.6907,-0.02,-0.39
9525.0,0.7,0.7,0.6965,-0.03,-0.4
9530.0,0.7,0.7,0.6965,-0.02,-0.39
9535.0,0.7,0.7,0.6929,-0.02,-0.39
9540.0,0.7,0.7,0.69,-0.02,-0.39
9545.0,0.7,0.7,0.6994,-0.03,-0.4
9550.0,0.7,0.7,0.6976,-0.02,-0.39
9555.0,0.7,0.7,0.7023,-0.02,-0.39
9560.0,0.7,0.7,0.703,-0.01,-0.38
9565.0,0.7,0.7,0.7052,-0.0,-0.37
9570.0,0.7,0.7,0.7023,0.01,0.35
9575.0,0.7,0.7,0.7081,0.01,0.35
9580.0,0.7,0.7,0.7147,0.02,0.36
9585.0,0.7,0.7,0.7045,0.03,0.37
9590.0,0.7,0.7,0.7023,0.03,0.37
9595.0,0.7,0.7,0.706,0.02,0.36
9600.0,0.7,0.7,0.682,0.03,0.37
9605.0,0.7,0.7,0.7023,-0.01,-0.38
9610.0,0.7,0.7,0.703,-0.0,-0.37
9615.0,0.7,0.7,0.6885,0.0,0.34
9620.0,0.7,0.7,0.7023,-0.01,-0.38
9625.0,0.7,0.7,0.6965,-0.01,-0.38
9630.0,0.7,0.7,0.6936,-0.01,-0.38
9635.0,0.7,0.7,0.7023,-0.02,-0.39
9640.0,0.7,0.7,0.6965,-0.01,-0.38
9645.0,0.7,0.7,0.7045,-0.01,-0.38
9650.0,0.7,0.7,0.706,-0.0,-0.37
9655.0,0.7,0.7,0.7089,0.01,0.35
9660.0,0.7,0.7,0.6983,0.02,0.36
9665.0,0.7,0.7,0.7089,0.01,0.35
9670.0,0.7,0.7,0.7038,0.02,0.36
9675.0,0.7,0.7,0.7092,0.02,0.36
9680.0,0.7,0.7,0.7074,0.03,0.37
9685.0,0.7,0.7,0.7052,0.03,0.37
9690.0,0.7,0.7,0.703,0.03,0.37
9695.0,0.7,0.7,0.7023,0.02,0.36
9700.0,0.7,0.7,0.703,0.02,0.36
9705.0,0.7,0.7,0.7023,0.02,0.36
9710.0,0.7,0.7,0.6976,0.02,0.36
9715.0,0.7,0.7,0.6972,0.01,0.35
9720.0,0.7,0.7,0.6929,0.0,0.34
9725.0,0.7,0.7,0.6914,-0.01,-0.38
9730.0,0.7,0.7,0.6889,-0.02,-0.39
9735.0,0.7,0.7,0.6929,-0.03,-0.4
9740.0,0.7,0.7,0.6878,-0.03,-0.4
9745.0,0.7,0.7,0.6849,-0.04,-0.41
9750.0,0.7,0.7,0.6907,-0.05,-0.42
9755.0,0.7,0.7,0.6943,-0.05,-0.42
9760.0,0.7,0.7,0.6893,-0.04,-0.41
9765.0,0.7,0.7,0.6929,-0.04,-0.41
9770.0,0.7,0.7,0.6972,-0.04,-0.41
9775.0,0.7,0.7,0.7081,-0.03,-0.4
9780.0,0.7,0.7,0.7009,-0.01,-0.38
9785.0,0.7,0.7,0.7045,-0.01,-0.38
9790.0,0.7,0.7,0.7063,0.0,0.34
9795.0,0.7,0.7,0.7089,0.01,0.35
9800.0,0.7,0.7,0.715,0.02,0.36
9805.0,0.7,0.7,0.7103,0.04,0.38
9810.0,0.7,0.7,0.7081,0.04,0.38
9815.0,0.7,0.7,0.7089,0.04,0.38
9820.0,0.7,0.7,0.706,0.04,0.38
9825.0,0.7,0.7,0.703,0.04,0.38
9830.0,0.7,0.7,0.706,0.03,0.37
9835.0,0.7,0.7,0.6965,0.03,0.37
9840.0,0.7,0.7,0.7001,0.01,0.35
9845.0,0.7,0.7,0.6918,0.01,0.35
9850.0,0.7,0.7,0.6965,-0.0,-0.37
9855.0,0.7,0.7,0.6936,-0.01,-0.38
9860.0,0.7,0.7,0.6965,-0.01,-0.38
9865.0,0.7,0.7,0.6936,-0.02,-0.39
9870.0,0.7,0.7,0.6885,-0.02,-0.39
9875.0,0.7,0.7,0.6943,-0.03,-0.4
9880.0,0.7,0.7,0.6943,-0.03,-0.4
9885.0,0.7,0.7,0.6994,-0.03,-0.4
9890.0,0.7,0.7,0.6976,-0.02,-0.39
9895.0,0.7,0.7,0.703,-0.02,-0.39
9900.0,0.7,0.7,0.7001,-0.01,-0.38
9905.0,0.7,0.7,0.7067,-0.01,-0.38
9910.0,0.7,0.7,0.7081,0.01,0.35
9915.0,0.7,0.7,0.7081,0.02,0.36
9920.0,0.7,0.7,0.7074,0.02,0.36
9925.0,0.7,0.7,0.7092,0.03,0.37
9930.0,0.7,0.7,0.7074,0.03,0.37
9935.0,0.7,0.7,0.706,0.03,0.37
9940.0,0.7,0.7,0.7023,0.03,0.37
9945.0,0.7,0.7,0.7052,0.02,0.36
9950.0,0.7,0.7,0.703,0.02,0.36
9955.0,0.7,0.7,0.7009,0.02,0.36
9960.0,0.7,0.7,0.6965,0.02,0.36
9965.0,0.7,0.7,0.7023,0.01,0.35
9970.0,0.7,0.7,0.6958,0.01,0.35
9975.0,0.7,0.7,0.6958,-0.0,-0.37
9980.0,0.7,0.7,0.6936,-0.01,-0.38
9985.0,0.7,0.7,0.6918,-0.01,-0.38
9990.0,0.7,0.7,0.6907,-0.02,-0.39
9995.0,0.7,0.7,0.6907,-0.03,-0.4
10000.0,-0.7,-0.7,0.6947,-0.08,-0.45
10005.0,-0.7,-0.7,0.6987,1.94,2.28
10010.0,-0.7,-0.7,0.6947,3.34,3.68
10015.0,-0.7,-0.7,0.6885,4.31,4.65
10020.0,-0.7,-0.7,0.6773,4.97,5.31
10025.0,-0.7,-0.7,0.6628,5.41,5.75
10030.0,-0.7,-0.7,0.6338,5.69,6.03
10035.0,-0.7,-0.7,0.6036,5.85,6.19
10040.0,-0.7,-0.7,0.5725,5.91,6.25
10045.0,-0.7,-0.7,0.5347,5.92,6.26
10050.0,-0.7,-0.7,0.4948,5.86,6.2
10055.0,-0.7,-0.7,0.4473,5.77,6.11
10060.0,-0.7,-0.7,0.4085,5.63,5.97
10065.0,-0.7,-0.7,0.3581,5.49,5.83
10070.0,-0.7,-0.7,0.3192,5.31,5.65
10075.0,-0.7,-0.7,0.271,5.14,5.48
10080.0,-0.7,-0.7,0.2256,4.95,5.29
10085.0,-0.7,-0.7,0.1799,4.75,5.09
10090.0,-0.7,-0.7,0.1386,4.55,4.89
10095.0,-0.7,-0.7,0.0871,4.35,4.69
10100.0,-0.7,-0.7,0.0533,4.14,4.48
10105.0,-0.7,-0.7,-0.0,3.94,4.28
10110.0,-0.7,-0.7,-0.0406,3.73,4.07
10115.0,-0.7,-0.7,-0.082,3.53,3.87
10120.0,-0.7,-0.7,-0.1219,3.33,3.67
10125.0,-0.7,-0.7,-0.1589,3.13,3.47
10130.0,-0.7,-0.7,-0.1963,2.94,3.28
10135.0,-0.7,-0.7,-0.2082,2.76,3.1
10140.0,-0.7,-0.7,-0.2554,2.61,2.95
10145.0,-0.7,-0.7,-0.2895,2.45,2.79
10150.0,-0.7,-0.7,-0.2975,2.28,2.62
10155.0,-0.7,-0.7,-0.3548,2.16,2.5
10160.0,-0.7,-0.7,-0.3715,1.99,2.33
10165.0,-0.7,-0.7,-0.407,1.85,2.19
10170.0,-0.7,-0.7,-0.4284,1.7,2.04
10175.0,-0.7,-0.7,-0.4506,1.56,1.9
10180.0,-0.7,-0.7,-0.4709,1.44,1.78
10185.0,-0.7,-0.7,-0.5024,1.33,1.67
10190.0,-0.7,-0.7,-0.5159,1.2,1.54
10195.0,-0.7,-0.7,-0.5246,1.09,1.43
10200.0,-0.7,-0.7,-0.5442,1.01,1.35
10205.0,-0.7,-0.7,-0.5558,0.92,1.26
10210.0,-0.7,-0.7,-0.5688,0.84,1.18
10215.0,-0.7,-0.7,-0.5797,0.77,1.11
10220.0,-0.7,-0.7,-0.6008,0.71,1.05
10225.0,-0.7,-0.7,-0.6167,0.63,0.97
10230.0,-0.7,-0.7,-0.6218,0.56,0.9
10235.0,-0.7,-0.7,-0.6349,0.5,0.84
10240.0,-0.7,-0.7,-0.6392,0.44,0.78
10245.0,-0.7,-0.7,-0.6494,0.39,0.73
10250.0,-0.7,-0.7,-0.6595,0.34,0.68
10255.0,-0.7,-0.7,-0.6708,0.3,0.64
10260.0,-0.7,-0.7,-0.6722,0.25,0.59
10265.0,-0.7,-0.7,-0.6769,0.21,0.55
10270.0,-0.7,-0.7,-0.6827,0.18,0.52
10275.0,-0.7,-0.7,-0.69,0.15,0.49
10280.0,-0.7,-0.7,-0.6914,0.12,0.46
10285.0,-0.7,-0.7,-0.6936,0.09,0.43
10290.0,-0.7,-0.7,-0.7067,0.07,0.41
10295.0,-0.7,-0.7,-0.7052,0.04,0.38
10300.0,-0.7,-0.7,-0.7139,0.02,0.36
10305.0,-0.7,-0.7,-0.7132,-0.0,-0.37
10310.0,-0.7,-0.7,-0.7157,-0.02,-0.39
10315.0,-0.7,-0.7,-0.7147,-0.04,-0.41
10320.0,-0.7,-0.7,-0.7197,-0.05,-0.42
10325.0,-0.7,-0.7,-0.7187,-0.06,-0.43
10330.0,-0.7,-0.7,-0.7248,-0.07,-0.44
10335.0,-0.7,-0.7,-0.7187,-0.08,-0.45
10340.0,-0.7,-0.7,-0.7187,-0.08,-0.45
10345.0,-0.7,-0.7,-0.7168,-0.09,-0.46
10350.0,-0.7,-0.7,-0.7085,-0.08,-0.45
10355.0,-0.7,-0.7,-0.7103,-0.07,-0.44
10360.0,-0.7,-0.7,-0.7136,-0.06,-0.43
10365.0,-0.7,-0.7,-0.6958,-0.06,-0.43
10370.0,-0.7,-0.7,-0.6994,-0.04,-0.41
10375.0,-0.7,-0.7,-0.6965,-0.03,-0.4
10380.0,-0.7,-0.7,-0.6896,-0.01,-0.38
10385.0,-0.7,-0.7,-0.6885,0.01,0.35
10390.0,-0.7,-0.7,-0.682,0.02,0.36
10395.0,-0.7,-0.7,-0.6871,0.04,0.38
10400.0,-0.7,-0.7,-0.6875,0.05,0.39
10405.0,-0.7,-0.7,-0.6885,0.05,0.39
10410.0,-0.7,-0.7,-0.6885,0.05,0.39
10415.0,-0.7,-0.7,-0.6958,0.05,0.39
10420.0,-0.7,-0.7,-0.6896,0.04,0.38
10425.0,-0.7,-0.7,-0.6914,0.04,0.38
10430.0,-0.7,-0.7,-0.6983,0.04,0.38
10435.0,-0.7,-0.7,-0.6842,0.03,0.37
10440.0,-0.7,-0.7,-0.6965,0.04,0.38
10445.0,-0.7,-0.7,-0.707,0.04,0.38
10450.0,-0.7,-0.7,-0.7005,0.01,0.35
10455.0,-0.7,-0.7,-0.7081,0.01,0.35
10460.0,-0.7,-0.7,-0.7103,-0.0,-0.37
10465.0,-0.7,-0.7,-0.7045,-0.02,-0.39
10470.0,-0.7,-0.7,-0.7234,-0.02,-0.39
10475.0,-0.7,-0.7,-0.7103,-0.05,-0.42
10480.0,-0.7,-0.7,-0.7089,-0.05,-0.42
10485.0,-0.7,-0.7,-0.7099,-0.05,-0.42
10490.0,-0.7,-0.7,-0.7081,-0.05,-0.42
10495.0,-0.7,-0.7,-0.7045,-0.04,-0.41
10500.0,-0.7,-0.7,-0.7002,-0.04,-0.41
10505.0,-0.7,-0.7,-0.6987,-0.03,-0.4
10510.0,-0.7,-0.7,-0.6965,-0.02,-0.39
10515.0,-0.7,-0.7,-0.6922,-0.01,-0.38
10520.0,-0.7,-0.7,-0.6954,0.01,0.35
10525.0,-0.7,-0.7,-0.6943,0.01,0.35
10530.0,-0.7,-0.7,-0.6907,0.02,0.36
10535.0,-0.7,-0.7,-0.6871,0.02,0.36
10540.0,-0.7,-0.7,-0.6965,0.04,0.38
10545.0,-0.7,-0.7,-0.6911,0.03,0.37
10550.0,-0.7,-0.7,-0.6918,0.03,0.37
10555.0,-0.7,-0.7,-0.6936,0.03,0.37
10560.0,-0.7,-0.7,-0.6947,0.03,0.37
10565.0,-0.7,-0.7,-0.7034,0.03,0.37
10570.0,-0.7,-0.7,-0.7031,0.02,0.36
10575.0,-0.7,-0.7,-0.7016,0.01,0.35
10580.0,-0.7,-0.7,-0.7012,0.0,0.34
10585.0,-0.7,-0.7,-0.7078,0.0,0.34
10590.0,-0.7,-0.7,-0.7132,-0.01,-0.38
10595.0,-0.7,-0.7,-0.7081,-0.03,-0.4
10600.0,-0.7,-0.7,-0.7099,-0.03,-0.4
10605.0,-0.7,-0.7,-0.7089,-0.03,-0.4
10610.0,-0.7,-0.7,-0.7081,-0.04,-0.41
10615.0,-0.7,-0.7,-0.7012,-0.04,-0.41
10620.0,-0.7,-0.7,-0.7089,-0.03,-0.4
10625.0,-0.7,-0.7,-0.7081,-0.03,-0.4
10630.0,-0.7,-0.7,-0.7016,-0.03,-0.4
10635.0,-0.7,-0.7,-0.6994,-0.03,-0.4
10640.0,-0.7,-0.7,-0.702,-0.02,-0.39
10645.0,-0.7,-0.7,-0.6943,-0.01,-0.38
10650.0,-0.7,-0.7,-0.6914,-0.0,-0.37
10655.0,-0.7,-0.7,-0.6918,0.01,0.35
10660.0,-0.7,-0.7,-0.6933,0.02,0.36
10665.0,-0.7,-0.7,-0.7016,0.02,0.36
10670.0,-0.7,-0.7,-0.6907,0.01,0.35
10675.0,-0.7,-0.7,-0.69,0.02,0.36
10680.0,-0.7,-0.7,-0.69,0.03,0.37
10685.0,-0.7,-0.7,-0.7005,0.04,0.38
10690.0,-0.7,-0.7,-0.6947,0.02,0.36
10695.0,-0.7,-0.7,-0.6943,0.02,0.36
10700.0,-0.7,-0.7,-0.6965,0.02,0.36
10705.0,-0.7,-0.7,-0.6954,0.02,0.36
10710.0,-0.7,-0.7,-0.6791,0.02,0.36
10715.0,-0.7,-0.7,-0.7002,0.05,0.39
10720.0,-0.7,-0.7,-0.7045,0.03,0.37
10725.0,-0.7,-0.7,-0.7081,0.02,0.36
10730.0,-0.7,-0.7,-0.7078,-0.0,-0.37
10735.0,-0.7,-0.7,-0.7067,-0.01,-0.38
10740.0,-0.7,-0.7,-0.7052,-0.02,-0.39
10745.0,-0.7,-0.7,-0.7103,-0.02,-0.39
10750.0,-0.7,-0.7,-0.7132,-0.03,-0.4
10755.0,-0.7,-0.7,-0.7081,-0.04,-0.41
10760.0,-0.7,-0.7,-0.7089,-0.04,-0.41
10765.0,-0.7,-0.7,-0.7139,-0.04,-0.41
10770.0,-0.7,-0.7,-0.7067,-0.05,-0.42
10775.0,-0.7,-0.7,-0.7002,-0.04,-0.41
10780.0,-0.7,-0.7,-0.6987,-0.03,-0.4
10785.0,-0.7,-0.7,-0.6958,-0.02,-0.39
10790.0,-0.7,-0.7,-0.6947,-0.01,-0.38
10795.0,-0.7,-0.7,-0.6893,0.0,0.34
10800.0,-0.7,-0.7,-0.6951,0.02,0.36
10805.0,-0.7,-0.7,-0.6864,0.02,0.36
10810.0,-0.7,-0.7,-0.6856,0.03,0.37
10815.0,-0.7,-0.7,-0.7067,0.04,0.38
10820.0,-0.7,-0.7,-0.674,0.02,0.36
10825.0,-0.7,-0.7,-0.6907,0.05,0.39
10830.0,-0.7,-0.7,-0.6936,0.05,0.39
10835.0,-0.7,-0.7,-0.6954,0.04,0.38
10840.0,-0.7,-0.7,-0.6954,0.04,0.38
10845.0,-0.7,-0.7,-0.7027,0.03,0.37
10850.0,-0.7,-0.7,-0.7023,0.02,0.36
10855.0,-0.7,-0.7,-0.7038,0.01,0.35
10860.0,-0.7,-0.7,-0.7089,0.0,0.34
10865.0,-0.7,-0.7,-0.7168,-0.01,-0.38
10870.0,-0.7,-0.7,-0.7121,-0.03,-0.4
10875.0,-0.7,-0.7,-0.7099,-0.04,-0.41
10880.0,-0.7,-0.7,-0.711,-0.04,-0.41
10885.0,-0.7,-0.7,-0.706,-0.04,-0.41
10890.0,-0.7,-0.7,-0.7002,-0.04,-0.41
10895.0,-0.7,-0.7,-0.7067,-0.03,-0.4
10900.0,-0.7,-0.7,-0.7038,-0.03,-0.4
10905.0,-0.7,-0.7,-0.7023,-0.03,-0.4
10910.0,-0.7,-0.7,-0.7031,-0.02,-0.39
10915.0,-0.7,-0.7,-0.711,-0.02,-0.39
10920.0,-0.7,-0.7,-0.698,-0.03,-0.4
10925.0,-0.7,-0.7,-0.6965,-0.02,-0.39
10930.0,-0.7,-0.7,-0.6907,-0.01,-0.38
10935.0,-0.7,-0.7,-0.6918,0.01,0.35
10940.0,-0.7,-0.7,-0.6878,0.02,0.36
10945.0,-0.7,-0.7,-0.6925,0.03,0.37
10950.0,-0.7,-0.7,-0.6907,0.03,0.37
10955.0,-0.7,-0.7,-0.7002,0.04,0.38
10960.0,-0.7,-0.7,-0.6871,0.02,0.36
10965.0,-0.7,-0.7,-0.6871,0.03,0.37
10970.0,-0.7,-0.7,-0.6907,0.04,0.38
10975.0,-0.7,-0.7,-0.6907,0.04,0.38
10980.0,-0.7,-0.7,-0.6958,0.04,0.38
10985.0,-0.7,-0.7,-0.6933,0.04,0.38
10990.0,-0.7,-0.7,-0.6943,0.03,0.37
10995.0,-0.7,-0.7,-0.7041,0.03,0.37
11000.0,0.7,0.7,-0.6972,0.06,0.4
11005.0,0.7,0.7,-0.7005,-1.95,-2.32
11010.0,0.7,0.7,-0.7023,-3.36,-3.73
11015.0,0.7,0.7,-0.719,-4.33,-4.7
11020.0,0.7,0.7,-0.6853,-5.03,-5.4
11025.0,0.7,0.7,-0.6733,-5.46,-5.83
11030.0,0.7,0.7,-0.6287,-5.74,-6.11
11035.0,0.7,0.7,-0.6026,-5.88,-6.25
11040.0,0.7,0.7,-0.5725,-5.93,-6.3
11045.0,0.7,0.7,-0.5362,-5.93,-6.3
11050.0,0.7,0.7,-0.509,-5.87,-6.24
11055.0,0.7,0.7,-0.4556,-5.8,-6.17
11060.0,0.7,0.7,-0.4041,-5.67,-6.04
11065.0,0.7,0.7,-0.3671,-5.5,-5.87
11070.0,0.7,0.7,-0.3265,-5.34,-5.71
11075.0,0.7,0.7,-0.2699,-5.16,-5.53
11080.0,0.7,0.7,-0.2213,-4.96,-5.33
11085.0,0.7,0.7,-0.1749,-4.75,-5.12
11090.0,0.7,0.7,-0.1252,-4.54,-4.91
11095.0,0.7,0.7,-0.0849,-4.33,-4.7
11100.0,0.7,0.7,-0.0428,-4.12,-4.49
11105.0,0.7,0.7,0.0058,-3.92,-4.29
11110.0,0.7,0.7,0.0464,-3.7,-4.07
11115.0,0.7,0.7,0.086,-3.5,-3.87
11120.0,0.7,0.7,0.1255,-3.3,-3.67
11125.0,0.7,0.7,0.1636,-3.11,-3.48
11130.0,0.7,0.7,0.1973,-2.92,-3.29
11135.0,0.7,0.7,0.2496,-2.74,-3.11
11140.0,0.7,0.7,0.2663,-2.54,-2.91
11145.0,0.7,0.7,0.2964,-2.38,-2.75
11150.0,0.7,0.7,0.3374,-2.23,-2.6
11155.0,0.7,0.7,0.3526,-2.06,-2.43
11160.0,0.7,0.7,0.3889,-1.92,-2.29
11165.0,0.7,0.7,0.4056,-1.78,-2.15
11170.0,0.7,0.7,0.4324,-1.65,-2.02
11175.0,0.7,0.7,0.4419,-1.53,-1.9
11180.0,0.7,0.7,0.4738,-1.43,-1.8
11185.0,0.7,0.7,0.4905,-1.31,-1.68
11190.0,0.7,0.7,0.513,-1.21,-1.58
11195.0,0.7,0.7,0.522,-1.1,-1.47
11200.0,0.7,0.7,0.5485,-1.02,-1.39
11205.0,0.7,0.7,0.5572,-0.92,-1.29
11210.0,0.7,0.7,0.5833,-0.84,-1.21
11215.0,0.7,0.7,0.6,-0.75,-1.12
11220.0,0.7,0.7,0.5953,-0.66,-1.03
11225.0,0.7,0.7,0.6163,-0.61,-0.98
11230.0,0.7,0.7,0.6269,-0.54,-0.91
11235.0,0.7,0.7,0.6334,-0.48,-0.85
11240.0,0.7,0.7,0.6443,-0.43,-0.8
11245.0,0.7,0.7,0.6573,-0.38,-0.75
11250.0,0.7,0.7,0.6581,-0.32,-0.69
11255.0,0.7,0.7,0.6715,-0.28,-0.65
11260.0,0.7,0.7,0.6646,-0.24,-0.61
11265.0,0.7,0.7,0.6791,-0.21,-0.58
11270.0,0.7,0.7,0.6849,-0.18,-0.55
11275.0,0.7,0.7,0.6878,-0.15,-0.52
11280.0,0.7,0.7,0.6943,-0.12,-0.49
11285.0,0.7,0.7,0.7081,-0.09,-0.46
11290.0,0.7,0.7,0.7023,-0.05,-0.42
11295.0,0.7,0.7,0.7023,-0.03,-0.4
11300.0,0.7,0.7,0.7085,-0.02,-0.39
11305.0,0.7,0.7,0.7176,-0.0,-0.37
